Funct,Funct,Funct,Pronoun,Ppron,I,We,You,SheHe,They,Ipron,Article,Verbs,Verbs,Verbs,AuxVb,Past,Present,Present,Future,Adverbs,Prep,Conj,Negate,Quant,Numbers,Swear,Social,Social,Social,Family,Friends,Humans,Affect,Affect,Affect,Affect,Affect,Affect,Posemo,Posemo,Posemo,Negemo,Negemo,Negemo,Negemo,Anx,Anger,Anger,Sad,CogMech,CogMech,CogMech,CogMech,CogMech,Insight,Insight,Cause,Discrep,Tentat,Certain,Inhib,Incl,Excl,Percept,Percept,See,Hear,Feel,Bio,Bio,Bio,Bio,Body,Body,Health,Health,Sexual,Ingest,Relativ,Relativ,Relativ,Relativ,Relativ,Motion,Space,Space,Time,Time,Work,Work,Work,Achiev,Achiev,Leisure,Leisure,Home,Money,Money,Relig,Relig,Death,Assent,Nonflu,Filler
a,he's,since,anybod.*,hed,i,lets,thee,he,their.*,anybod.*,a,accepted,hasnt,slept,aint,accepted,admit,isn't,couldve,about,about,also,aint,all,billion.*,arse,acquainta.*,gives,persons,aunt.*,acquainta.*,adult,abandon.*,damn.*,fume.*,kindn.*,privileg.*,supporting,accept,freed.*,partie.*,abandon.*,enrag.*,maddening,snob.*,afraid,abuse.*,jealous.*,abandon.*,abandon.*,conflict.*,harness.*,needed,should've,accept,informs,activat.*,besides,allot,absolute,abandon.*,add,but,acid.*,purpl.*,beaut.*,audibl.*,brush.*,abdomen.*,disease.*,intox.*,scab.*,abdomen.*,knuckle.*,abortion.*,itch.*,abortion.*,alcohol.*,above,constantly,goes,october,spring,act,above,meter.*,abrupt.*,like,absent.*,feedback,profs,abilit.*,master,actor.*,martini.*,address,account.*,jackpot.*,afterlife.*,moral,autops.*,absolutely,er,blah
about,highly,singl.*,anyone.*,he'd,Id,let's,thine,hed,them,anyone.*,alot,admit,hasn't,sold,ain't,admitted,admits,it's,could've,absolutely,above,although,ain't,allot,dozen.*,arsehole.*,admit,giving,person's,bro,amigo.*,adults,abuse.*,danger.*,fuming,kiss.*,prize.*,supportive.*,accepta.*,freeing,party.*,abuse.*,envie.*,madder,sob,alarm.*,abusi.*,jerk,ache.*,absolute,confus.*,hazie.*,needing,sign,accepta.*,inquir.*,affect,could,almost,absolutely,abstain.*,addit.*,either,acrid.*,quiet.*,black,audio.*,caress.*,abortion.*,dish,itch.*,scalp,abs,leg,ache.*,iv,aids,anorexi.*,abrupt.*,continu.*,going,off,stage,action.*,across,metre.*,after,long,academ.*,finaliz.*,program.*,able.*,mastered,actress.*,meditat.*,apartment.*,atm,kopek.*,agnost.*,morality,alive,agree,hm.*,idontknow
above,him,six.*,anything,her,I'd,our,thou,he'd,themselves,anything,an,admits,hate,spent,am,affected,aint,ive,gonna,actually,across,and,arent,alot,eight.*,arses,admits,gossip.*,persua.*,bros,bf.*,babe.*,abusi.*,daring,fun,laidback,problem.*,supports,accepted,freely,passion.*,abusi.*,envious,maddest,sobbed,anguish.*,aggravat.*,jerked,aching,absolutely,conscious.*,hazy,neednt,since,accepted,insight.*,affected,couldnt,alot,accura.*,anal,along,except,aroma.*,rancid.*,blacke.*,boom.*,cold.*,abs,dishes,iv,schizophren.*,anal,legs.*,aching,leuke.*,arous.*,appeti.*,across,corner,gone,old,stair.*,advanc.*,air,mid,afterlife.*,longe.*,accomplish.*,finals,project ,accomplish.*,masterful.*,aerobic.*,minesweeper,backyard,atms,kron.*,alla,morals,bereave.*,ah,sigh,imean
absolutely,himself,so,everybod.*,hers,I'll,ours,thoust,her,they,everybod.*,the,admitted,hated,spoke.*,are,appeared,ain't,I've,gotta,again,after,as,aren't,amount.*,eleven,ass,admitted,grandchil.*,phone.*,brother.*,boyf.*,babies,accept,darlin.*,funn.*,lame.*,profit.*,suprem.*,accepting,freeness,peace.*,ache.*,envy.*,maniac.*,sobbing,anxi.*,aggress.*,jerks,agoniz.*,abstain.*,consequen.*,held,need'nt,solution.*,accepting,inspir.*,affecting,couldn't,ambigu.*,all,avert.*,and,exclu.*,audibl.*,rang,blackish.*,choir.*,cool.*,ache.*,dizz.*,jaw.*,scrape.*,ankle.*,lip,acne,life,ass,ate,act,corners,grew,olden,stand,appear,among.*,middl.*,aftermath.*,march.*,achiev.*,financ.*,projector.*,ace,mastering,amus.*,motel.*,bake.*,auction.*,lease.*,allah.*,mormon.*,burial.*,alright.*,uh,like
across,his,some,everyone.*,herself,Im,ourselves,thy,hers,theyd,everyone.*,,affected,hates,start,arent,arrived,am,keep,he'll,also,against,altho ,cannot,another,fift.*,asses,admitting,granddad.*,phoning,cousin.*,bud,baby.*,accepta.*,daze.*,furious.*,laugh.*,promis.*,sure.*,accepts,freer,perfect.*,aching,evil.*,masochis.*,sobs,apprehens.*,agitat.*,kill.*,agony,accept,conserv.*,hence,needn't,solve,accepts,interpret.*,affects,couldve,any,altogether,avoid.*,around,if,audio.*,rectang.*,blacks,concert.*,drie.*,aching,doctor.*,jissom,screw.*,anus.*,lips.*,addict.*,living,asses,bake.*,action.*,countr.*,ground.*,older,start,appeared,anywhere,mile.*,afternoon.*,meantime,administrat.*,fired,projects,achiev.*,mastermind.*,apartment.*,movie.*,baking,audit,leasing.*,altar.*,mosque.*,buried,aok,um,ohwell
actually,hopefully,somebod.*,everything.*,hes,I'm,us,ya,herself,they'd,everything.*,,aint,have,started,aren't,asked,appear,keeps,I'll,anyway.*,ahead,because,cant,any,first,asshole.*,adult,granddau.*,prais.*,dad.*,buddies.*,bambino.*,accepted,dear.*,fury,lazie.*,protest,surpris.*,active.*,frees.*,play,advers.*,excruciat.*,melanchol.*,solemn.*,asham.*,anger.*,liar.*,alone,accepta.*,consider,hesita.*,needs,solved,acknowledg.*,justif.*,aggravat.*,could've,anybod.*,always,ban,both,just,beaut.*,red,blind.*,deaf.*,drily,acne,dosage,jizz,seduc.*,appendix,liver.*,advil,lozenge.*,bi,baking,advanc.*,coverage,grow,oldest,started,appearing,apart,narrow.*,afterthought.*,meanwhile,advertising,firing,prom,acquir.*,masters,art,mtv.*,balcon.*,audited,lira,amen,muhamm.*,bury,aw,umm.*,rr.*
after,how,somehow,hed,he's,ive,we,yall,hes,theyll,it,,ain't,havent,starts,be,ate,appears,know,itll,anywhere,along,but,can't,anymore,firstly,bastard.*,adults,grandf.*,private,daughter.*,buddy.*,boy,accepting,decay.*,geek.*,lazy,protested,suspicio.*,admir.*,friend.*,played,afraid,exhaust.*,mess,sorrow.*,aversi.*,angr.*,lied,broke,accepted,considered,hold.*,neglect.*,solves,adjust.*,knew,allow.*,desir.*,anyhow,apparent,banned,came,not,bitter.*,redde.*,blond.*,ear,dry.*,addict.*,dose.*,joints,seizure.*,arch,lung.*,aids,lump,boner.*,bar,after,cross.*,growing,on,starter.*,appears,area.*,nation.*,afterward.*,min,advis.*,franchis.*,promot.*,acquisition.*,mastery,artist.*,museum.*,bath.*,auditing,loan.*,amish,mujahid.*,casket.*,awesome,well,yakno.*
again,however,someone.*,he'd,him,I've,we'd,y'all,he's,they'll,itd,,am,haven't,stayed,became,became,are,knows,it'll,apparently,among.*,cuz,couldnt,besides,firsts,bitch.*,advice,grandkid.*,provide,ex,colleague.*,boy's,accepts,defeat.*,genero.*,liabilit.*,protesting,sweet,ador.*,fun,playful.*,aggravat.*,fail.*,messy,sorry,avoid.*,annoy.*,lies,cried,accepting,considering,hope,never,solving,admit,know,attribut.*,expect.*,anyone.*,assur.*,banning,close,or,black,reddish.*,blue.*,ears,edge,advil,dosing,kidney.*,sensation,arm,mouth.*,alcohol.*,lymph.*,boob.*,bars,afterlife.*,cruis.*,grown,once,starting,approach.*,around,near,again,minute.*,agent,frat,psych,adequa.*,medal.*,arts,musi.*,bed,auditor,lotter.*,angel,musl.*,casualt.*,cool,zz.*,ykn.*
against,hundred.*,something.*,her,himself,me,we'll,ye,him,theyve,it'd,,appear,having,stood,become,been,arent,lets,may,around,around,how,couldn't,best ,five,bloody,advis.*,grandm.*,public,exes,companion,boys.*,ache.*,defect.*,gentle,liar.*,proud.*,sweetheart.*,advantag.*,funn.*,playing,aggress.*,fake,miser.*,spite.*,awkward.*,antagoni.*,lous.*,cries,accepts,considers,hoped,news,some,admits,knowab.*,based,hope,anything,blatant.*,bans,come,rather,blacke.*,redness,bright.*,harmon.*,edges,aids,dr,kiss.*,sensations,armpit.*,mucous.*,alive,mammogram,breast.*,beer.*,aftermath.*,current.*,growth,onto,starts,arrival.*,at,neared,age,modern.*,agents,fratern.*,psychol.*,advanc.*,mediocr.*,athletic.*,nap,bedding,auditors,mastercard.*,angelic.*,nun,cemet.*,duh,,youknow
ahead,i,somewhat,hers,his,mine,we're,you,himself,they've,itll,,appeared,hear,stopped,becomes,began,aren't,let's,might,back,as,however,didnt,bit ,four.*,boob.*,affair.*,grandpa.*,question.*,exhubby.*,companions,chick,aching,defenc.*,gentler,libert.*,puk.*,sweetie.*,adventur.*,genero.*,plays,agitat.*,fatal.*,miss,stammer.*,confus.*,argh.*,ludicrous.*,crushed,accura.*,constrain.*,hopeful,normal,somebod.*,admitted,knower.*,bases,hoped,anytime,certain.*,barrier.*,each,really,blackish.*,reds,brown.*,hear,edging,alcohol.*,drank,kitchen.*,servings,arms.*,muscle.*,allerg.*,manicdep.*,butt,binge.*,afternoon.*,cycle.*,hall,open,startup.*,arrive,atop,nearer,aged,moment.*,ambiti.*,freshm.*,publish,advantag.*,motiv.*,ball,naps,bedroom.*,audits,merchant.*,angels,nuns,coffin.*,ha,,
aint,Id,somewhere,herself,i,my,weve,youd,his,,it'll,,appears,heard,stuck,becoming,believed,arrive,listen,must,basically,at,if,didn't,bits,half,butt,amigo.*,grandson.*,reassur.*,exhusband.*,comrad.*,chick'.*,active.*,defens.*,gentlest,lied,punish.*,sweetly,affection.*,gentle,pleasant.*,agoniz.*,fatigu.*,missed,stank,craz.*,argu.*,lying,cry,acknowledg.*,constrict.*,hopefully,not,somehow,admitting,knowing,basis,hopeful,anywhere,clear,binding,inclu.*,something.*,blacks,reek.*,candle.*,heard,feel,alive,drink.*,knee.*,sex.*,arous.*,muscular,amput.*,medic.*,butts,binging,afterthought.*,dail.*,hang,opened,state ,arrived,away,nearest,ages,monday.*,applicant.*,gmat,qualifi.*,ahead,obtain.*,ballet.*,netflix,beds,bank.*,money.*,baptis.*,orthodox.*,coroner.*,hah,,
ain't,I'd,soon,hes,Id,myself,we've,you'd,oneself,,its,,are,hears,studied,been,bought,arrives,listens,mustnt,beyond,atop,nor,doesnt,both,hundred.*,butts,anybod.*,granny,receiv.*,exwife.*,exbf.*,chicks,admir.*,definite,gently,lies,radian.*,sweetness.*,agree,gentler,please.*,agony,fault.*,misses,startl.*,desperat.*,arrogan.*,mad,crying,activat.*,contain.*,hopefulness,notice.*,someone.*,afterthought.*,knowledg.*,because,hopefully,apparently,clearly,block,inside,sometime,blind.*,ring,circle,hearing,feeling.*,allerg.*,drool.*,knuckle.*,shirt.*,arse,naked,anorexi.*,migrain.*,butt's,boil.*,afterward.*,danc.*,happening,opening.*,stay.*,arrives,backward.*,nearing,aging,month.*,applicat.*,goal.*,quiz.*,ambiti.*,opportun.*,band,nintendo.*,blender.*,bargain.*,monopol.*,baptiz.*,pagan.*,corpse.*,haha.*,,
all,if,sooo.*,he's,I'd,,,youll,she,,it's,,arent,hed,suck,being,brought,ask,look,must'nt,clearly,away,or,doesn't,bunch,infinit.*,cock,anyone.*,group.*,refus.*,exwive.*,exboyfriend.*,child,ador.*,definitely,giggl.*,like,rage.*,sweets,agreeab.*,gentlest,pleasing,alarm.*,fear,missing,steal.*,discomfort.*,assault.*,maddening,damag.*,add,contemplat.*,hopes,noticing,something.*,analy.*,known,boss.*,hopefulness,appear,commit,blocked,into,unless,blond.*,ringing,click.*,hears,feels,amput.*,drows.*,leg,shit.*,arses,nasal,antacid.*,miscar.*,chlamydia,booz.*,again,date.*,headed,order,step,arriving,below,nears,ago,morning.*,apprentic.*,gov,read ,approv.*,organiz.*,bands,novel,broom.*,beggar.*,mortg.*,belief.*,paradise,cremat.*,heh.*,,
allot,I'll,still,him,I'll,,,you'll,she'd,,itself,,aren't,he'd,sucked,can,called,asks,looks,mustn't,completely,before,otherwise,dont,cetera,million.*,cocks.*,apolog.*,grownup.*,relationship.*,families.*,exgf.*,children.*,advantag.*,degrad.*,giver.*,likeab.*,raging,talent.*,agreed,gently,pleasur.*,alone,feared,mistak.*,stench.*,distract.*,asshole.*,madder,defeat.*,addit.*,contingen.*,hoping,obedien.*,sometime,answer.*,knows,caus.*,hopes,appeared,commitment.*,blocker.*,open,versus,blue.*,rings,color.*,hush.*,felt,anal,drs,legs.*,shoe.*,arter.*,neck,antidepressant.*,mono,cock,bread,age,day.*,heading,origin,stepp.*,attend,bend,north.*,ahead,never,assign.*,govern.*,recruit.*,attain.*,originat.*,bar,novels,carpet.*,begging,nickel.*,bible.*,passover,crypt.*,hm.*,,
along,Im,stuff,himself,Im,,,your ,she'll,,nobod.*,,arrive,held,sucks,cannot,came,become,love,mustve,constantly,behind,plus,don't,couple,nine.*,crap,argu.*,grudge.*,relatives,family,exgirl.*,child's,adventur.*,delectabl.*,giving,liked,rancid.*,tantrum.*,agreeing,giggl.*,popular.*,anger.*,fearful.*,mock,stink.*,distraught,attack.*,maddest,depress.*,adjust.*,contradic.*,how,obey.*,sometimes,appreciat.*,learn.*,change,hoping,appearing,commits,blocking,out,vs,boom.*,rotten,colour.*,inaudibl.*,finger.*,ankle.*,drug.*,lesbian.*,shoulder.*,asleep,nerve.*,appendic.*,mri ,cocks.*,breakfast.*,aged,decade.*,height.*,out,steps,attended,bending,nowhere,already,new,assistan.*,gpa,register.*,attempt.*,outcome.*,bars,opera.*,chore.*,bet,overpaid,biblic.*,pastor.*,dead,huh,,
alot,I'm,such,his,I'm,,,youre,shes,,other,,arrived,he'll,suffered,cant,cared,becomes,loves,must've,definitely,below,so,hadnt,difference.*,once,crappy,armies,guest.*,replie.*,father.*,fellow.*,citizen,advers.*,delicate.*,glad,likes,rape.*,tears,agreement.*,giver.*,positiv.*,angr.*,fearing,mocked,strain.*,distress.*,bastard.*,maniac.*,depriv.*,admit,control.*,hows,obscur.*,somewhat,assum.*,lesson.*,changed,ideal.*,appears,committ.*,blocks,plus,whether,bright.*,rough.*,column.*,listen,fire,anorexi.*,drunk.*,leuke.*,sick,ass,neural.*,arthr.*,myopi.*,condom,brunch.*,ages,decay.*,high,outer.*,still,attending,bends,off,always,newer,associat.*,grad,registra.*,authorit.*,overcome,baseball.*,orchestra,clean.*,bets,overtime,bishop.*,penance,death.*,lol,,
also,immediately,ten,i,ive,,,you're,she's,,others,,arrives,helped,support,can't,carried,begin,make,ought,especially,beneath,then,hadn't,doubl.*,one,cunt.*,army,guy.*,reply.*,folks,fiance.*,citizen'.*,affection.*,delicious.*,gladly,liking,raping,teas.*,agrees,giving,prais.*,anguish.*,fears,mocker.*,strange,disturb.*,battl.*,mock,despair.*,admits,correct.*,how's,obstac.*,somewhere,attent.*,link.*,changes,if,approximat.*,complete,bound.*,we,without,brown.*,round.*,cream,listened,flexib.*,antacid.*,dx,libid.*,sickday.*,asses,neuron.*,aspirin.*,nause.*,condoms,bulimi.*,aging,december,highe.*,outside,stop,attends,beneath,on,ancient.*,newest,auditorium.*,grade.*,report.*,award.*,overconfiden.*,basketball.*,parks,closet,betting,owe ,bless.*,pentecost.*,decease.*,mm.*,,
although,in,tenth,Id,I've,,,yours,,,somebod.*,,ask,helps,supported,could,caught,begins,makes,oughta,even,beside,tho,hasnt,each,quarter.*,damn.*,ask,he,request.*,grandchil.*,friend.*,citizens,afraid,deligh.*,glamor.*,livel.*,rapist.*,tehe,alright.*,glad,precious.*,annoy.*,feroc.*,mocking,stress.*,doubt.*,beaten,mocked,devastat.*,admitted,correlat.*,hypothes.*,obvious.*,sort,aware.*,logic.*,changing,impossib.*,arbitrar.*,completed,brake.*,with,,brush.*,rub,eye.*,listener.*,fragil.*,antidepressant.*,dyke.*,life,sicker,bald,nipple.*,asthma.*,nearsighted,cuddl.*,cafeteria.*,ago,deep.*,hik.*,outsides,stopped,behavio.*,bent,onto,annual.*,newly,award.*,grading,requir.*,beat,overtak.*,bath.*,partie.*,closets,bill,owed,buddh.*,pew,demise,ok,,
am,infinit.*,than,I'd,lets,,,youve,,,someone.*,,asked,heres,supports,couldnt,changed,believe,mean,oughtnt,eventually,besides,though,hasn't,either,second,dang,asked,hear,respond.*,granddad.*,gf.*,female.*,aggravat.*,depress.*,glamour.*,LMAO,readiness,temper,amaz.*,gladly,prettie.*,antagoni.*,feud.*,mocks,struggl.*,dread.*,bitch.*,mocker.*,disadvantage.*,admitting,cos,hypothetic.*,occasional.*,sorta,became,mean,compel.*,inadequa.*,assum.*,completely,bridle.*,,,butter.*,rubbed,eying,listening,freez.*,anus.*,ear,lip,sickest,bellies,nose.*,bandage.*,neurolog.*,dick,candie.*,ahead,delay.*,histor.*,outward.*,stopper.*,brief.*,beside,open,anymore,next,beaten,graduat.*,research.*,beaten,perfect.*,beach.*,party.*,condo,billed,owes,catholic.*,pews,die,okay,,
among.*,inside,that,I'll,let's,,,you've,,,something.*,,asks,here's,suppose,couldn't,couldve,believes,means,ought'nt,ever,between,til,havent,else,seven.*,darn,asking,heard,role.*,granddau.*,girlfriend.*,gentlem.*,aggress.*,depriv.*,gloom.*,LOL,ready,tempers,amor.*,glamor.*,pretty,anxi.*,fiery,molest.*,stubborn.*,dwell.*,bitter.*,mocking,disappoint.*,affect,could,idea,often,sortof,become,meaning.*,compliance,lack.*,barely,completes,careful.*,,,candle.*,rubbing,gaz.*,listens,froze.*,appendic.*,ears,lips.*,sickleave.*,belly,nostril.*,bandaid,numb.*,dicks,candy,air,deliver.*,horizontal.*,over,stopper.*,bring,beyond,opened,anytime,night,benefits,gre,resource,best,perform.*,beer.*,pitcher.*,condominium.*,billing.*,owing,chapel.*,piety,died,okey.*,,
an,insides,thatd,Im,me,,,,,,somewhere,,ate,hes,supposed,couldve,could've,bring,miss,oughtn't,frequently,beyond,till,haven't,enough,six.*,dick,asks,hearing,roomate.*,grandf.*,guest.*,girl,agitat.*,despair.*,glori.*,lone.*,reassur.*,tender.*,amus.*,glamour.*,pride,apath.*,fight.*,mooch.*,stunk,embarrass.*,blam.*,mocks,discourag.*,affected,couldnt,ideal.*,open,sorts,becomes,means,complie.*,liabilit.*,bet,confidence,caut.*,,,caramel.*,rubs,glanc.*,loud.*,fuzz.*,appendix,eat,liquor.*,sickly,bicep.*,nude.*,binge.*,nurse.*,dyke.*,chew.*,already,dense,hour.*,overflow.*,stopping,bringing,big,opening.*,april,nightly,biolog.*,hardwork.*,resources,better,persever.*,bicyc.*,play,condos,bills,paid,chaplain.*,pilgrim.*,dies,rofl,,
and,instead,that'd,I'm,mine,,,,,,stuff,,be,he's,supposes,could've,cried,brings,misses,oughtve,generally,by,unless,isnt,entire.*,ten,dicks,assembl.*,hears,roomed,grandkid.*,honey,girl's,agoniz.*,desperat.*,glory,longing.*,rebel.*,tense.*,aok,glori.*,privileg.*,appall.*,fired,moodi.*,stunned,emotional,bother.*,molest.*,dishearten.*,affecting,couldn't,ideas,opinion,sortsa,becoming,meant,comply.*,mistak.*,bets,confident,cease.*,,,caress.*,saccharine,glow.*,musi.*,grab.*,appeti.*,eaten,liver.*,sickness.*,bladder.*,nudi.*,binging,nutrition.*,erectile,chow.*,always,densit.*,huge.*,overlap.*,stops,brings,bigger,out,august,nights,biz,headhunter.*,resourcing,bonus.*,persist.*,bike.*,played,couch.*,bonus.*,pay.*,christ,pious,DOA,uhhu.*,,
another,into,thatll,it,my,,,,,,that,,became,hit,take,did,depended,can,need,ought've,here,despite,until,isn't,equal.*,tenth,dumb.*,aunt.*,hed,roomie.*,grandm.*,lover.*,girls.*,agony,despis.*,goddam.*,lose,reek.*,tensing,appreciat.*,glory,prize.*,apprehens.*,flunk.*,moody,stuns,fear,brutal.*,moron.*,disillusion.*,affects,couldve,identif.*,oppos.*,source.*,belief.*,memor.*,conclud.*,must,betting,confidently,ceasing,,,chocolate.*,said,gray.*,noise,grip,arch,eating,living,sinus.*,blood,orgasm.*,bipolar,obes.*,erection.*,cigar.*,among.*,depart,hurrie.*,pass,straight,brought,biggest,outer.*,autumn,noon.*,blackboard.*,highschool.*,responsib.*,burnout.*,plan,birdie.*,playful.*,curtain.*,borrow.*,pence,christian.*,pope.*,drown.*,uhuh,,
any,is,that'll,itd,myself,,,,,,thatd,,become,hope,taken,didnt,described,cannot,needs,shall,heres,down,when,mustnt,etc,third,dyke.*,babe.*,he'd,rooming,grandpa.*,mate,grownup.*,agree,destroy.*,good,loser.*,regret.*,tension.*,assur.*,good,profit.*,argh.*,foe.*,moron.*,stupid.*,feared,cheat.*,murder.*,dissatisf.*,afterthought.*,could've,if,option,spose,believe,misunder.*,consequen.*,mustnt,blur.*,correct.*,compulsiv.*,,,choir.*,saliv.*,green.*,noises,gripp.*,arm,eats,love,skelet.*,bloody,ovar.*,bleed.*,OCD,erotic.*,cocktail.*,ancient.*,departed,hurry.*,passed,street.*,came,both,outside,awhile,november,bldg.*,hire.*,resume,capab.*,planned,blackjack,playing,den,bought,pennies,christmas.*,prais.*,dying,yah,,
anybod.*,isnt,thats,it'd,oneself,,,,,,that'd,,becomes,hoped,takes,didn't,did,cant,owe,she'll,here's,during,whenever,must'nt,every,thirt.*,fuck,babies,he'll,roommate.*,grandson.*,mates,guy.*,agreeab.*,destruct.*,goodness,loses,reject.*,terribl.*,attachment.*,goodness,promis.*,argu.*,fool.*,mourn.*,stutter.*,fearful.*,confront.*,nag.*,doom.*,aggravat.*,coz,ignit.*,or,standard,believed,motiv.*,control.*,must'nt,borderline.*,defined,confin.*,,,circle,salt.*,grey.*,noisy,grips,armpit.*,egg.*,loved,skin,bodi.*,palm,blind.*,optometr.*,foreplay,coffee.*,annual.*,departing,immediate,passes,stretch.*,car,bottom.*,outsides,back,now,book.*,hiring,retire.*,celebrat.*,planner.*,blockbuster.*,plays,dishwasher.*,broker.*,penny,church.*,pray.*,embalm.*,yay,,
anymore,isn't,that's,itll,our,,,,,,thatll,,becoming,hopes,taking,do,didnt,can't,owes,should,hopefully,except,whereas,mustn't,example.*,thousand.*,fucked.*,baby.*,hello.*,rumor.*,granny,mate's,human.*,agreed,determina.*,gorgeous.*,losing,relax.*,terrific.*,attract.*,gorgeous.*,proud.*,arrogan.*,forbid.*,murder.*,submissive.*,fearing,contempt.*,nast.*,dull.*,all,create.*,ignor.*,organiz.*,statement.*,believes,notice.*,cos,mustn't,chance,definite,conflict.*,,,citrus.*,sampl.*,image.*,quiet.*,hair.*,arms.*,elbow.*,lover.*,skinni.*,body.*,palms,bronchi.*,orthodon.*,fuck,coke.*,anymore,departs,immediately,passing,subsequen.*,carried,breadth,outward.*,before,occasional.*,boss.*,homework.*,retiring,challeng.*,planning,blog.*,playstation.*,doghouse.*,buck,peso,clergy,preach.*,epidemic.*,yea,,
anyone.*,it,the,it'll,ours,,,,,,that'll,,been,hows,talked,does,didn't,care,see,shouldnt,how,for,whether,neednt,extent,three,fucker.*,bambino.*,help,rumour.*,hubby,neighbor.*,individual.*,agreeing,determined,gossip.*,loss.*,relief,terrified,award.*,grace,radian.*,asham.*,fought,nag.*,suck,fears,contradic.*,obnoxious.*,empt.*,allot,creati.*,imagin.*,origin,stiff.*,believing,noticing,coz,mustve,confus.*,definitely,conserv.*,,,click.*,sand,lit,rang,hand,arous.*,emphysem.*,loves,skinny.*,bone,pee,bulimi.*,orthoped.*,fucked.*,cook.*,anytime,departure.*,immediateness,past,sudden.*,carrier.*,brink,over,began,oclock.*,broker.*,inc,review.*,champ.*,plans,book.*,poetry,domestic.*,bucks,pesos,confess.*,presbyterian.*,execution.*,yeah,,
anything,itd,thee,its,ourselves,,,,,,thats,,began,how's,taught,doesnt,died,cares,seem,should'nt,however,from,while,need'nt,extra,trillion.*,fuckin.*,band,helper.*,said,husband.*,neighbour.*,infant,agreement.*,devastat.*,grace,lost,reliev.*,terrifies,awesome,graced,readiness,assault.*,frantic.*,nast.*,sucked,frantic.*,crap,offence.*,fail.*,allow.*,curb.*,implica.*,originat.*,stimul.*,categor.*,perceiv.*,create.*,must've,contingen.*,definitive.*,constrain.*,,,cold.*,sands,look,ring,handful.*,arse,enema.*,lozenge.*,skull,bones,pelvi.*,burp.*,overweight,fucker.*,dessert.*,anywhere,depth.*,immortal.*,period.*,summer.*,carries,broad.*,overflow.*,begin,o'clock.*,bureau.*,income.*,rhetor.*,climb.*,potential.*,caf√©.*,poker,door.*,budget.*,poor.*,convent,priest.*,exterminat.*,yep.*,,
anyway.*,it'd,their.*,it's,she,,,,,,that's,,begin,Id,tend,doesn't,disliked,carries,seems,shouldn't,immediately,in,,needn't,extremely,twel.*,fucks,bands,helpful.*,say.*,kin,pal,infant's,agrees,devil.*,graced,lous.*,reluctan.*,terrify ,beaut.*,graceful.*,ready,asshole.*,freak.*,needy,sucker.*,fright.*,crappy,offend.*,fatigu.*,almost,curio.*,implicit.*,origins,stop,choice.*,percept.*,creati.*,need,depend,directly,constrict.*,,,cologne.*,sandy,looked,ringing,hands,arses,erectile,lump,sleep.*,bony,penis.*,cancer.*,pain,fuckin.*,diet.*,apart,diagonal.*,in,perpetual.*,sunday.*,carry ,capacit.*,overlap.*,beginn.*,october,burnout.*,incorp.*,salar.*,closure,power.*,camping,pool.*,dorm.*,business.*,portfolio.*,convents,prophe.*,fatal.*,yes,,
anywhere,item.*,them,itself,she'd,,,,,,these,,begins,I'd,tended,doing,done,carry,sees,shouldve,instead,inside,,negat.*,fairly,twent.*,goddam.*,bf.*,helping,secret,ma,pals,infants.*,alarm.*,devot.*,graceful.*,love,remorse.*,terrifying,beloved,graces,reassur.*,attack.*,fright.*,neglect.*,sucks,guilt.*,critical,offens.*,flunk.*,along,curtail.*,implie.*,ought,stopped,choos.*,ponder.*,cuz,needed,depended,distinct.*,contain.*,,,color.*,sang,looker.*,rings,hard,arter.*,erection.*,lunch.*,slender.*,boob.*,perspir.*,cardia.*,pained,fucks,digest.*,appear,disappear.*,inch.*,place.*,surfac.*,carrying,ceiling.*,place.*,begins,old,business.*,industr.*,scholar,compet.*,practice,cards,pretend.*,drape.*,buy.*,poverty.*,crucifi.*,protestant.*,funer.*,yup,,
apparently,itll,themselves,ive,she'll,,,,,,thing.*,,being,I'll,tends,done,drank,come,shes,should've,just,insides,,neither,few.*,twice,heck,blam.*,helps,secretive.*,marrie.*,partner.*,kid,alone,difficult.*,graces,loved,repress.*,terror.*,benefic.*,graci.*,relax.*,aversi.*,frustrat.*,nerd.*,sucky,hesita.*,critici.*,outrag.*,gloom.*,alot,cuz,imply.*,oughta,stopper.*,clarif.*,prefer.*,deduc.*,needing,depending,entire.*,contradic.*,,,colour.*,savor.*,looking,said,harde.*,arthr.*,erotic.*,lung.*,slept,bowel.*,piss.*,cardio.*,painf.*,gay,dine,appeared,distan.*,inciden.*,placing.*,surround.*,catch,center.*,placing.*,begun,olden,busy,instruct.*,scholaring,conclud.*,prais.*,casino.*,pub,dresser.*,cash.*,price.*,crusade.*,psalm.*,genocid.*,,,
are,it'll,then,I've,shes,,,,,,this,,believe,Im,thank,dont,driven,comes,she's,thatll,lately,into,,never,form,two,hell,boy,her,secrets,ma's,roomate.*,kid'.*,alright.*,digni.*,graci.*,lovely,resent.*,thank,benefit,grand,relief,avoid.*,fuck,nervous.*,suffer,horr.*,crude.*,paranoi.*,grave.*,altogether,decid.*,impossib.*,oughtnt,stopping,closure,presum.*,depend,neednt,depends,essential,control.*,,,column.*,savour.*,looks,sang,heavie.*,asleep,espresso.*,lust.*,slut.*,brain.*,poop.*,checkup.*,paining,gays,dined,appearing,down,increas.*,platform.*,swam,caught,centre.*,platform.*,biannu.*,older,cafeteria.*,interview.*,scholarly,conclus.*,presiden.*,casual,pubs,driveway.*,casino.*,prici.*,demon.*,purgator.*,ghost.*,,,
arent,its,there,lets,she's,,,,,,those,,believed,i'm,thanked,don't,drove,depends,start,that'll,maybe,near,,no,full.*,zero,homo,boyf.*,hers,self ,mom,roomie.*,kids.*,amaz.*,disadvantage.*,grand,lover.*,resign.*,thanked,benefits,grande.*,reliev.*,awful,fucked.*,neurotic.*,suffered,humiliat.*,cruel.*,pettie.*,grief,always,decis.*,inact.*,ought'nt,stops,cohere.*,prove.*,depended,need'nt,disorient.*,ever,curb.*,,,concert.*,saw,orange.*,say.*,heavy.*,aspirin.*,estrogen.*,lymph.*,smok.*,breast.*,prick.*,chills,painl.*,genital.*,diner,appears,downward.*,infinit.*,point,swim.*,change,city,point,bimonth.*,oldest,calculus,inventory,scholars,confidence,pride,cd.*,radio.*,duplex.*,cent,profit.*,devil.*,puritan.*,grave.*,,,
aren't,it's,theres,let's,thee,,,,,,what,,believes,is,thanks,had,eaten,describe,starts,theyll,mostly,of,,nobod.*,greater,zillion.*,jeez,boy's,herself,send.*,momma.*,roommate.*,ladies,amor.*,disagree.*,grande.*,loves,resolv.*,thankf.*,benefitt.*,gratef.*,resolv.*,awkward.*,fucker.*,numb.*,sufferer.*,impatien.*,cunt.*,petty.*,griev.*,ambigu.*,deduc.*,inadequa.*,oughtn't,stories,complex.*,proving,depending,needn't,doubt.*,every,curtail.*,,,cool.*,say.*,picture,scream.*,hot,ass,exercis.*,makeout.*,snack.*,breath.*,prostat.*,chiropract.*,pains,gonorrhea,diners,approach.*,drift.*,initial.*,position.*,synch.*,changed,close,position.*,birth.*,once,campus.*,jd,scholarship.*,confident,prize.*,celebrat.*,rap,families.*,cents,purchas.*,divin.*,quran.*,grief,,,
around,itself,there's,me,their.*,,,,,,whatever,,bought,isnt,thatd,hadnt,emailed,describes,suck,they'll,nearly,off,,none,greatest,,mofo,boys.*,hes,sent,mommy.*,soulmate.*,lady,amus.*,disappoint.*,gratef.*,loving.*,respect ,thanks,benevolen.*,grati.*,respect ,bad,fuckin.*,obnoxious.*,suffering,inadequa.*,cut,piss.*,grim.*,anal,defenc.*,inclu.*,oughtve,story,complica.*,quer.*,depends,needs,dubious.*,everybod.*,defenc.*,,,cream,scan,pink.*,shout.*,hott.*,asses,exhaust.*,mammogram,soda.*,butt,pulse,chlamydia,pap,hiv,dines,april,drive,initiat.*,post,system.*,changes,closed,remote.*,biweek.*,origin,career.*,job.*,scholastic.*,confidently,produc.*,celebrit.*,read ,family,charit.*,rebate.*,doom.*,qur'an.*,griev.*,,,
as,ive,these,mine,them,,,,,,whats,,bring,isn't,that'd,hadn't,ended,dies,sucks,we'll,now,on,,nope,highly,,motherf.*,bro,he's,share,moms,sweetheart.*,lady's,anger.*,disaster.*,grati.*,low.*,restless.*,thief,benign.*,great,revigor.*,bashful.*,fucks,obsess.*,suffers,indecis.*,cynic.*,poison.*,heartbreak.*,analy.*,defens.*,incomplet.*,ought've,stubborn.*,compreh.*,question.*,effect.*,normal,dunno,everything.*,defens.*,,,deaf.*,scann.*,purpl.*,silen.*,leather.*,asthma.*,eye.*,manicdep.*,sore.*,butts,pussies,chok.*,paraly.*,ho,dining,area.*,driven,inner.*,preced.*,tall,changing,closer,right,born,past,ceo.*,junior.*,school.*,conquer.*,proficien.*,channel.*,reading,fireplace.*,cheap.*,recession.*,episcopal.*,rabbi,hearse.*,,,
at,I've,they,my,themselves,,,,,,what's,,brings,itd,thatll,has,entered,dislike,support,wholl,often,onto,,nor,increas.*,,nigger.*,bros,hey,shared,mom's,sweetie.*,ma'am,angr.*,discomfort.*,grave.*,loyal.*,revenge.*,thieve.*,best,grin,reward.*,bastard.*,fume.*,offence.*,suspicio.*,inhib.*,damn.*,prejudic.*,heartbroke.*,and,define,indecis.*,out,subdue.*,concentrat.*,rational.*,elicit.*,ought,fairly,evident.*,delay.*,,,delectabl.*,scans,rectang.*,song.*,limp.*,ate,face,meal.*,spat,cheek.*,pussy.*,cholester.*,patholog.*,homo,dinner.*,around,drives,inside,present,taller,climb.*,closest,road.*,busy,period.*,certif.*,keyboard.*,scien.*,conscientious.*,progress,chat.*,recording.*,fridge.*,check,refund.*,evangel.*,rabbinical,holocaust.*,,,
atho,just,theyd,myself,they,,,,,,which,,brought,it'd,that'll,hasnt,explained,dislikes,supports,who'll,only,out,,not,item.*,,piss.*,brother.*,hi,shares,mother,,male,anguish.*,discourag.*,great,luck,revigor.*,thoughtful.*,better,grinn.*,rich.*,battl.*,fuming,offend.*,tantrum.*,insecur.*,danger.*,prick.*,helpless.*,answer.*,defined,indeed,outcome.*,suppose,conclud.*,realiz.*,experiment,oughta,fuzz.*,exact.*,denia.*,,,delicious.*,scent.*,red,sound.*,loose.*,bake.*,faces,medic.*,spinal,chest.*,rash.*,chronic.*,pediatr.*,homos,dish,arrival.*,driving,insides,presently,tallest,closely,connection.*,room,bye,perpetual.*,chairm.*,kinderg.*,secretar.*,control.*,promot.*,checkers,recreation.*,furniture,checking,reimburs.*,faith.*,rabbis,homocid.*,,,
atop,lack.*,they'd,nobod.*,theyd,,,,,,whichever,,called,itll,thats,hasn't,fed,do,suppose,will,perhaps,outside,,nothing,lack.*,,prick.*,bud,him,sharing,mothers,,males,annoy.*,disgust.*,greed.*,lucked,reward.*,threat.*,bless.*,grins,ROFL,beaten,furious.*,offens.*,tears,irrational.*,defenc.*,protest,homesick.*,any,defines,indefinit.*,outstanding,supposed,conclus.*,rearrang.*,force.*,oughtnt,generally,explicit.*,denie.*,,,deoder.*,scratch.*,redde.*,speak,press,baking,facial.*,migrain.*,spine,clothes,retina.*,clinic.*,pharmac.*,homosexual.*,dishes,arrive,drop ,instan.*,prior,tempora.*,closes,corner,roomate.*,cease.*,preced.*,chalk,labor.*,sector.*,create.*,proud.*,chess,reggae,futon.*,checks,rent.*,fundamentalis.*,ramadan,immortal.*,,,
away,lately,theyll,oneself,they'd,,,,,,who,,came,it'll,that's,have,felt,does,supposes,wont,primarily,over,,nowhere,least,,pussy.*,buddies.*,himself,she,mum,,male's,antagoni.*,dishearten.*,grief,lucki.*,rich.*,thrill.*,bold.*,ha,romanc.*,bitch.*,fury,outrag.*,teas.*,irrita.*,defens.*,protested,hopeless.*,anybod.*,defining,independ.*,overall,supposes,confess.*,reason.*,foundation.*,ought'nt,guess,extremely,deny.*,,,drie.*,scream.*,reddish.*,speaker.*,pressed,bald,faint.*,milk.*,spit,cock,rib,codeine,phobi.*,hornie.*,drank,arrived,drove,interior.*,proceed.*,term ,closing,corners,roomed,ceasing,present,challeng.*,labour.*,semester.*,creati.*,purpose.*,chillin.*,relax.*,garage.*,chequ.*,retail.*,gentile.*,religio.*,kill.*,,,
back,least,they'll,other,theyll,,,,,,whod,,can,it's,theres,havent,fled,doesnt,take,won't,probably,plus,,oughtnt,less,,queer.*,buddy.*,his,she'd,mummy.*,,mam,anxi.*,disillusion.*,griev.*,luckless.*,ridicul.*,ticked,bonus.*,haha.*,romantic.*,bitter.*,geek.*,overwhelm.*,temper,miser.*,despis.*,protesting,hurt.*,anyhow,definite,indetermin.*,partly,supposing,conscious.*,recall.*,founded,oughtn't,guessed,fact,disciplin.*,,,drily,screen,redness,speaking,presser.*,bandage.*,farsighted,miscar.*,spits,cocks.*,ribs,colono.*,physical.*,horny,drink.*,arrives,due,internal.*,pull.*,terminat.*,come,countr.*,roomie.*,centur.*,presently,champ.*,laidoff,senior.*,crown.*,queen,choir.*,restau.*,garden.*,coin,revenue.*,god'.*,rite,lethal.*,,,
basically,less,theyre,others,they'll,,,,,,who'd,,cannot,ive,there's,haven't,flew,doesn't,takes,would,push.*,since,,ought'nt,loads,,screw.*,bye,honey,she'll,mums,,man,aok,dislike,grim.*,lucks,rigid.*,timid.*,brave.*,handsom.*,safe.*,blam.*,gloom.*,pain,tempers,nervous.*,destroy.*,punish.*,inadequa.*,anyone.*,definitely,indirect.*,perceiv.*,supposition.*,consider,reckon.*,founder.*,oughtve,guesses,facts,discourag.*,,,drool.*,scrumptious.*,reds,speaks,presses,bandaid,fat,mono,spitting,colon,saliv.*,coma.*,physician.*,hug,drunk.*,arriving,during,internation.*,push.*,territor.*,comes,coverage,rooming,childhood,prior,class,laptop.*,servic.*,defeat.*,queenly,chorus,resting,gate.*,coins,rich.*,gospel.*,rites,lynch.*,,,
be,let,they're,our,theyve,,,,,,wholl,,cant,I've,theyd,having,followed,dont,taking,wouldnt,quick.*,than,,oughtn't,lot,,shit.*,call,hubby,shes,mum's,,man's,apath.*,disliked,grin,lucky,risk.*,toleran.*,bright.*,happi.*,satisf.*,bore.*,goddam.*,pained,tense.*,neurotic.*,destruct.*,rage.*,inferior.* ,anything,definitive.*,induc.*,percept.*,suppress.*,considered,recogni.*,generate.*,ought've,guessing,factual.*,disregard.*,,,dry.*,see,round.*,speech.*,rough.*,bar,fatigu.*,mouth.*,starve.*,colons,scalp,congest.*,pill,hugg.*,eat,at,earli.*,intersect.*,put,then,coming,deep.*,roommate.*,christmas.*,proceed.*,classes,lawyer.* ,session.*,determina.*,quit,cinema.*,rock,home,compensat.*,ruble.*,heaven.*,ritual.*,manslaughter.*,,,
became,lets,theyve,ours,they've,,,,,,who'll,,can't,keep,they'd,hed,forgot.*,don't,tend,wouldn't,rarely,through.*,,shant,lotof,,sob,called,human.*,she's,nephew.*,,members,appall.*,dislikes,grinn.*,ludicrous.*,ROFL,tortur.*,brillian.*,happy,save,boring,gossip.*,painf.*,tensing,obsess.*,disgust.*,raging,isolat.*,anytime,delay.*,inevitab.*,perfect.*,sure.*,considering,recollect.*,generating,outstanding,halfass.*,forever,duti.*,,,ear,seeing,saw,spoke.*,round.*,bars,fats,mri ,starving,cornea.*,sensation,constipat.*,pills,hugs,eaten,atop,early,interval.*,puts,thick.*,cross.*,dense,rooms,clock.*,quick.*,classmate.*,layoff.*,sickday.*,determined,quitt.*,club.*,rocks,homes,consumer.*,rupee.*,hell,rosaries,massacre.*,,,
because,let's,they've,ourselves,thine,,,,,,whom,,care,keeps,theyll,he'd,fought,explain,tends,wouldve,rather,thru,,shan't,lots,,sonofa.*,caller.*,husband.*,sir,niece.*,,men,appreciat.*,disliking,grins,lying,romanc.*,tough.*,calm.*,harmless.*,scrumptious.*,bother.*,grave.*,paining,tension.*,overwhelm.*,distrust.*,rape.*,lame.*,anywhere,denia.*,infallib.*,perhaps,suspect.*,considers,reconcil.*,generator.*,prefer.*,hardly,frankly,duty,,,ears,seen,scan,thunder.*,rub,beer.*,fatt.*,mucous.*,std.*,crap,sensations,contag.*,pimple.*,hump.*,eating,attend,east.*,into,putting,thin,cruis.*,densit.*,section,common,recency,classroom.*,lead.*,sickleave.*,diligen.*,rank,coach.*,roller.*,homesick.*,corporat.*,salar.*,hellish,rosary,mausoleum.*,,,
become,loads,thine,she,thou,,,,,,whose,,cared,kept,they'll,heres,found,explains,thank,would've,really,til ,,shouldnt,lotsa,,suck,calling,individual.*,sis,pa,,men'.*,apprehens.*,dismay.*,gross.*,mad,romantic.*,traged.*,care,harmon.*,secur.*,broke,greed.*,pains,terribl.*,panic.*,domina.*,raping,lone.*,apparent,denie.*,infer,permit.*,suspicio.*,contemplat.*,reconsider.*,hence,problem.*,hazie.*,fundamental,enclos.*,,,edge,seer,scann.*,voic.*,rubbed,bellies,fed,muscle.*,stiff.*,crotch,shirt.*,coronar.*,pms,incest.*,eats,attended,edge,january,quick.*,thinly,danc.*,depth.*,segment,constant ,recent.*,collab.*,learn.*,sophom.*,domina.*,ranked,cocktail.*,rowing,homework.*,cost.*,sale,hells,roshashan.*,morgue.*,,,
becomes,lot,thing.*,she'd,thoust,,,,,,,,cares,knew,theyre,here's,fucked.*,feel,thanks,youll,seriously,till,,should'nt,lotta,,sucked,calls,infant,sister.*,pappy,,mr ,argh.*,dissatisf.*,grouch.*,maddening,rotten,tragic.* ,cared,heartfelt,sentimental.*,brutal.*,grief,panic.*,terrified,petrif.*,dumb.*,rapist.*,longing.*,apparently,deny.*,inferr.*,pick ,taboo.*,correlat.*,reconstruct.*,how,rather,hazy,fundamentalis.*,fenc.*,,,edges,sees,scans,whisper.*,rubbing,belly,feed,muscular,stomach.*,dick,shit.*,cough.*,podiatr.*,jissom,egg.*,attending,edges,jog.*,ran,thinn.*,deliver.*,diagonal.*,separat.*,constantly,recur.*,colleague.*,lectur.*,sororit.*,domote.*,ranking,coffee.*,rugby.*,house.*,coupon.*,sales,hindu.*,sabbath.*,mortal.*,,,
becoming,lotof,third,she'll,thy,,,,,,,,carried,know,they're,hes,gave,feels,thats,you'll,simply,to,,shouldn't,main,,sucks,captain,infant's,social.*,parent.*,,mrs,argu.*,distract.*,grr.*,madder,rude.*,tranquil.*,carefree,heartwarm.*,share,burden.*,griev.*,paranoi.*,terrifies,phobi.*,dump.*,rebel.*,lose,appear,depend,infers,plus,tempora.*,curio.*,reevaluat.*,hows,regardless,hesita.*,fundamentally,forbid.*,,,edging,sharp.*,screen,yell,rubs,bi,feeder.*,myopi.*,strept.*,dicks,shoe.*,cramp.*,poison.*,jizz,espresso.*,attends,edging,journey.*,receiv.*,threw,depart,distan.*,shape.*,continu.*,repeat.*,colleg.*,legal.*,staff.*,driven,ranks,comed.*,rum,housing,credit.*,saving.*,holie.*,sacred,mortician.*,,,
been,lots,thirt.*,shes,us,,,,,,,,carries,knows,theyve,he's,given,follow,that's,,so,toward.*,,uhuh,major,,tit,celebrat.*,infants.*,societ.*,pa's,,newborn.*,arrogan.*,distraught,guilt.*,maddest,ruin.*,trauma.*,careful.*,heaven.*,shared,careless.*,grim.*,pathetic.*,terrify,pressur.*,enemie.*,resent.*,loser.*,appeared,depended,influenc.*,ponder.*,tentativ.*,decid.*,refer.*,how's,regret.*,hope,fundamentals,forgot.*,,,experienc.*,shine,see,yelled,sand,bicep.*,feeding.*,naked,stroke.*,drool.*,shoulder.*,cyst.*,pregnan.*,kiss.*,fat,august,empt.*,july,recency,throw.*,departed,down,shaping.*,current.*,repetit.*,com,librar.*,stapl.*,dropout.*,recover.*,comic.*,runner.*,kitchen.*,currenc.*,scholarship.*,holy,sacrific.*,mourn.*,,,
before,lotsa,this,she's,we,,,,,,,,carry,let ,they've,Id,gone,follows,theres,,somehow,under,,wasnt,majority,,tits,cell,inform,somebod.*,relatives,,participant.*,asham.*,distress.*,ha,madly,sad,treasur.*,cares,heh.*,shares,cheat.*,gross.*,peculiar.*,terrifying,reluctan.*,enemy.*,revenge.*,loses,appearing,depending,info,positiv.*,theor.*,decis.*,reflect.*,ignit.*,should,hoped,guarant.*,guard.*,,,eye.*,shini.*,seeing,yelling,sands,binge.*,feeds,nasal,stud,ear,skelet.*,deaf.*,prescri.*,lesbian.*,fats,autumn,enclos.*,jump.*,recent.*,thursday.*,departing,downward.*,short.*,cycle.*,respectively,commerc.*,lsat,stipend.*,earn.*,requir.*,concert.*,running,landlord.*,customer.*,sell,hymn.*,saint.*,murder.*,,,
behind,lotta,tho,somebod.*,we'd,,,,,,,,caught,lets,think,I'd,got,fuck,there's,,soon,underneath,,wasn't,many,,titties,cellphon.*,informs,someone.*,sis,,partner.*,assault.*,distrust.*,haha.*,magnific.*,sadde.*,treat,caring,helper.*,sharing,complain.*,grouch.*,perver.*,terror.*,repress.*,enrag.*,ridicul.*,losing,appears,depends,inform,possib.*,therefor.*,deduc.*,relate.*,implica.*,shouldnt,hopeful,implicit.*,halt.*,,,eying,shiny,seen,yells,sandy,binging,feet,nause.*,stuffed,ears,skin,decongest.*,prognos.*,libid.*,fatt.*,away,encompass.*,june,recur.*,til,departs,east.*,shut,dail.*,return.*,commute.*,ltd,stock,effect.*,resolv.*,cook.*,salsa,lawn.*,debit.*,seller.*,immoral.*,salvation,obit.*,,,
being,main,those,someone.*,we'll,,,,,,,,changed,let's,thinks,I'll,gotten,fucks,theyre,,sooo.*,unless,,weren't,more,,titty,cells,insult.*,son,sister.*,,people.*,asshole.*,disturb.*,handsom.*,maniac.*,sadly,trembl.*,casual,helpful.*,silli.*,confront.*,grr.*,pessimis.*,thief,restless.*,envie.*,rude.*,loss.*,appreciat.*,desir.*,information,practically,think,define,relating,implie.*,should'nt,hopefully,indeed,hangup.*,,,feel,shout.*,seer,,scratch.*,bipolar,fever.*,nearsighted,sugar.*,elbow.*,skinni.*,dentist.*,prozac,love,fed,awhile,end,kilometer.*,remote.*,till,departure.*,edge,side,date.*,rhythm.*,commuting,mailroom.*,stocked,efficien.*,resourceful.*,cruis.*,sang,lease.*,debt.*,selling,immortal.*,satan.*,od,,,
below,many,thou,something.*,we're,,,,,,,,come,lied,thought,Im,guessed,get,they're,,still,until,,without,most,,wanker.*,cellular.*,interact.*,sons,son,,person,assur.*,divin.*,happi.*,masochis.*,sadness,trick.*,casually,helping,silly,confus.*,guilt.*,petrif.*,thieve.*,rigid.*,envious,sarcas.*,lost,approximat.*,determina.*,informative.*,precis.*,thinker.*,defines,relation,imply.*,shouldn't,hopefulness,inevitab.*,harness.*,,,feeling.*,sight.*,sees,,sharp.*,bladder.*,finger.*,neck,sunburn.*,erectile,skull,derma.*,puk.*,loved,feed,back,ended,km.*,remov.*,time.*,disappear.*,edges,sides,day.*,saturday.*,companies,majoring,stocker,effort.*,responsib.*,danc.*,scrabble,leasing.*,deposit.*,sells,islam.*,scriptur.*,oded,,,
beneath,may,though,somewhere,weve,,,,,,,,comes,liked,threw,I'm,had,gets,theyve,,such,unto,,wont,much,,,chat.*,interrup.*,son's,sons,,persons,attachment.*,domina.*,happy,melanchol.*,safe.*,trite,certain.*,helps,sincer.*,contempt.*,harass.*,pettie.*,threat.*,risk.*,envy.*,savage.*,low.*,arbitrar.*,determine,informed,prefer.*,thinking.*,defining,rememb.*,inact.*,shoulds,hopes,infallib.*,held,,,feels,silen.*,shine,,silk.*,bleed.*,flesh.*,nerve.*,supper.*,erection.*,sleep.*,detox.*,puss,lover.*,feeder.*,backward.*,ending,land,repeat.*,timing,drift.*,edging,siding,decade.*,schedul.*,company,majors,stocks,elit.*,reward.*,decorat.*,scrapbook.*,loft,dime.*,shilling.*,jesuit.*,sect,overdosed,,,
beside,maybe,thousand.*,stuff,we've,,,,,,,,could,listen,told,is,hadnt,give,they've,,there,up,,won't,mucho,,,chick,interview.*,soulmate.*,son's,,person's,attack.*,doom.*,harass.*,merit.*,sarcas.*,triumph.*,challeng.*,hero.*,smart.*,contradic.*,harm,petty.*,ticked,scare.*,evil.*,sceptic.*,melanchol.*,around,determined,informing,presum.*,thinks,determina.*,reorgani.*,independ.*,shouldve,hoping,invariab.*,hesita.*,,,felt,silk.*,shini.*,,skin,blind.*,flu,neural.*,surgeon.*,eye.*,slender.*,diabet.*,queas.*,loves,feeding.*,before,ends,large.*,repetit.*,tinier,drive,empt.*,site,decay.*,season.*,comput.*,manag.*,student.*,enabl.*,skill,diaries,sculpt.*,lofts,dinar.*,shop,jesus,sectarian,pallbearer.*,,,
besides,me,thoust,that,ya,,,,,,,,couldnt,listened,took,isnt,hadn't,gives,think,,theres,upon,,wouldnt,neither,,,chick'.*,involv.*,speak,spous.*,,self ,attract.*,dork.*,harm,merr.*,satisf.*,trivi.*,champ.*,hilarious,smil.*,crap,harmed,phobi.*,timid.*,scaring,feroc.*,screw.*,miser.*,assum.*,determines,informs,pretty,thought,determine,resolu.*,induc.*,should've,hypothes.*,irrefu.*,hold.*,,,fetid.*,skin,shiny,,skin'.*,blood,food.*,neurolog.*,surger.*,face,slept,diagnos.*,rehab.*,lust.*,feeds,began,enorm.*,last.*,replace.*,tiniest,driven,enclos.*,sky.*,december,seconds,conferenc.*,manufact.*,studied,endeav.*,skilled,diary,shop,loveseat.*,dinero,shopaholic.*,jew,sects,plague.*,,,
best ,might,three,thatd,yall,,,,,,,,couldn't,listens,tried,isn't,happened,go,thinks,,there's,wanna,,wouldn't,none,,,chicks,kid,speaking,stepchild.*,,sir,aversi.*,doubt.*,harmed,mess,savage.*,troubl.*,charit.*,hoho.*,sociab.*,crappy,harmful.*,piss.*,tortur.*,scary,feud.*,shit.*,miss,assur.*,determining,inhib.*,prevent.*,thoughts,determined,resolv.*,infer,undesire.*,hypothetic.*,must,ignor.*,,,finger.*,skin'.*,sight.*,,smooth.*,bloody,foot,neuron.*,swallow.*,faces,spat,diarr.*,ritalin,makeout.*,food.*,begin,enter,late,replacing,tiny,drives,encompass.*,small.*,delay.*,senior.*,conglom.*,market.*,studies,excel.*,skills,dj.*,shopaholic.*,maid.*,discount.*,shopp.*,jewish.*,seminar.*,reaper.*,,,
between,mightve,through.*,that'd,y'all,,,,,,,,couldve,lived,tries,itd,hated,goes,tries,,tho,with,,,ones,,,child,kid'.*,speaks,stepfat.*,,societ.*,avoid.*,dread.*,harmful.*,messy,save,true ,charm.*,honest.*,soulmate.*,craz.*,harming,piti.*,tough.*,shake.*,fiery,sinister,missed,attent.*,difference.*,inquir.*,probable,thus,determines,restructur.*,inferr.*,undo,if,mustnt,inhib.*,,,fire,smell.*,squar.*,,soft.*,bodi.*,forearm.*,nipple.*,sweat.*,facial.*,spinal,digest.*,rx,naked,fries,beginn.*,entered,lately,respectively,today.*,driving,enorm.*,somewhere,due,september.*,consult.*,masters,studious,fail.*,solution.*,drama,shopp.*,mailbox,dividend.*,shops,jews,shi'.*,slaughter.*,,,
beyond,might've,thru,thatll,ye,,,,,,,,could've,look,try,it'd,heard,guess,try,,though,within,,,own,,,children.*,kidding,spoke.*,stepkid.*,,woman,award.*,dull.*,harming,miser.*,scare.*,trueness,cheer.*,honor.*,special,cried,harms,pity.* ,traged.*,shaki.*,fight.*,skeptic.*,misses,attribut.*,differentiat.*,inside,probablistic.*,tidi.*,determining,rethink.*,infers,unneccess.*,incomplet.*,must'nt,interfer.*,,,fizz.*,smooth.*,stare.*,,squeez.*,body.*,forehead.*,nose.*,swelling,fat,spine,disease.*,scab.*,nipple.*,fruit.*,begins,entering,later,return.*,together,drove,entrance.*,south.*,during,sequen.*,consumer.*,math.*,study.*,finaliz.*,solve,dream.*,shops,mattress.*,dollar.*,sold,jihad.*,shiite.*,suicid.*,,,
billion.*,million.*,thy,that'll,you,,,,,,,,cried,looked,turn,itll,held,guesses,turn,,too,without,,,page,,,child's,kids.*,spous.*,stepmot.*,,woman's,awesome,dumb.*,harmless.*,miss,scaring,truer,cherish.*,honour.*,splend.*,cries,hate,poison.*,tragic.* ,shaky,foe.*,smother.*,missing,avert.*,directly,insight.*,probably,tidy,differentiat.*,reveal.*,influenc.*,unneed.*,indecis.*,mustn't,keep,,,flavor.*,sniff.*,staring,,stroke.*,boil.*,foreplay,nostril.*,swollen,fatt.*,spit,dizz.*,schizophren.*,nude.*,fry.*,begun,enters,latest,rhythm.*,tomorrow.*,enter,environment.*,space,earli.*,simultaneous.*,contracts,mcat,succeed.*,first,solved,drink.*,show,microwave.*,donat.*,spend,juda.*,shrine.*,tomb.*,,,
both,mine,til,thats,youd,,,,,,,,depended,looks,turned,it'll,helped,happen,turns,,totally,,,,part,,,citizen,kin,stepchild.*,uncle,,women.*,awful,dump.*,harmon.*,missed,scary,truest,chuckl.*,hope,strength.*,critical,hated,prejudic.*,trauma.*,shame.*,fought,snob.*,mourn.*,avoid.*,discern.*,inspir.*,problem.*,tight.*,discern.*,revelat.*,intend.*,unwant.*,indefinit.*,mustve,keeping.*,,,flavour.*,snort.*,sunli.*,,stroki.*,bone,fries,nude.*,symptom.*,feet,spits,doctor.*,scrape.*,orgasm.*,glutton.*,behavio.*,entrance.*,lead.*,ridden,tonight.*,entered,everywhere,spaced,early,slow.*,corp ,mda,success.*,firsts,solves,drum,shows,mop,econ.*,spender,karma,sikh.*,urn.*,,,
bunch,more,till,that's,you'd,,,,,,,,depends,lost,turns,it's,hoped,happens,understand,,truly,,,,partly,,,citizen'.*,ladies,stepfat.*,uncles,,,awkward.*,dwell.*,harms,misses,sceptic.*,truly,clever.*,hoped,strong.*,critici.*,hateful.*,pressur.*,trembl.*,shook,frustrat.*,spite.*,neglect.*,aware.*,disciplin.*,intend.*,produc.*,total,disclo.*,secret,intent.*,wanna,indetermin.*,must've,keeps,,,flexib.*,soft.*,sunshin.*,,thick.*,boner.*,fruit.*,nudi.*,syndrome.*,finger.*,spitting,dosage,seizure.*,orgies,gobble.*,below,environment.*,leave,ride,took,entering,exit.*,spaces,end,sometime ,corporat.*,meeting.*,supervis.*,founded,solving,drumm.*,sing,mortg.*,embezzl.*,spending,kippur,sin,war,,,
but,most,to,thee,youll,,,,,,,,describe,love,understand,ive,kept,has,understands,,usually,,,,percent,,,citizens,lady,stepkid.*,uncle's,,,bad,dynam.*,hate,missing,scream.*,trust.*,comed.*,hopeful,succeed.*,crude.*,hater.*,prick.*,trick.*,shy.*,fuck,stubborn.*,overwhelm.*,ban,disclo.*,intent.*,prohib.*,totally,discover.*,secrets,justif.*,want,indirect.*,necessar.*,kept,,,fragil.*,song.*,triang.*,,thin,bones,fry.*,numb.*,syphili.*,flesh.*,stomach.*,dose.*,sick,orgy,gobbling,bend,era,leaves,rides,top,enters,exterior.*,spaci.*,ended,sometimes,corps,memo,syllabus.*,founder.*,strateg.*,drums,singing,neighbor.*,euro,spends,koran ,sinn.*,,,,
by,mostly,ton,their.*,you'll,,,,,,,,described,loved,understands,I've,knew,hasnt,use,,very,,,,piec.*,,,colleague.*,lady's,stepmot.*,wife.*,,,bashful.*,eager.*,hated,mistak.*,screw.*,truth.*,comfort.*,hopefully,success.*,cruel.*,hates,problem.*,trite,sicken.*,fucked.*,stupid.*,pathetic.*,banned,discourag.*,interfer.*,proof,trigger.*,distinguish.*,seem,launch.*,wanted,kind (of),never,limit.*,,,fragran.*,sound.*,view,,thinn.*,bony,fuck,nurse.*,tast.*,foot,sweat.*,dosing,sickday.*,ovar.*,grocer.*,bending,etern.*,leaving,riding,toward.*,explor.*,far,span,ending,soon,counc.*,memos,taught,founding,strength.*,drunk.*,sings,oven.*,euros,spent,kosher,sins,,,,
can,much,tons,them,your ,,,,,,,,did,loves,understood,let ,lied,hasn't,uses,,well,,,,plenty,,,comment.*,language.*,stories,wive.*,,,bastard.*,ease.*,hateful.*,mock,secur.*,turmoil,commitment.*,hopefulness,sunnier,crushed,hating,protest,trivi.*,startl.*,fucker.*,suck,pessimis.*,banning,discover.*,interpret.*,prove.*,true,effect.*,seemed,lead.*,wanting,kinda,obvious.*,neglect.*,,,freez.*,sour,viewer.*,,tight.*,boob.*,fucked.*,nutrition.*,tea,forearm.*,teeth.*,dr,sicker,passion.*,gulp.*,bends,eve,led,right,town,fall,farther,spann.*,ends,soone.*,couns.*,menial,tax,fulfill.*,striv.*,dvd.*,skat.*,patio.*,exchang.*,stipend.*,krishna.*,soul,,,,
cannot,mucho,too,themselves,youre,,,,,,,,didnt,made,use,may,liked,hate,using,,when ,,,,portion,,,commun.*,lets,story,,,,battl.*,easie.*,hater.*,mocked,selfish.*,ugh,compassion.*,hopes,sunniest,cry,hatred,protested,troubl.*,strain.*,fuckin.*,sucked,piti.*,bans,disorient.*,into,proving,truest,enlighten.*,seeming.*,led,wants,kindof,perfect.*,obstac.*,,,froze.*,soure.*,viewing.*,,touch.*,booz.*,fucker.*,obes.*,teeth.*,forehead.*,tendon ,drows.*,sickest,penis.*,helpings,beneath,evening.*,ledge.*,rise.*,transact.*,fallen,farthest,stair.*,era,sped,course.*,mentor.*,taxa.*,gain.*,strong.*,easy.*,ski,pet,expens.*,stocks,krisna.*,souls,,,,
cant,must,total,these,you're,,,,,,,,didn't,make,used,might,listened,hates,wait,,whenever,,,,remaining,,,companion,let's,suggest.*,,,,beaten,easily,hates,mocker.*,sentimental.*,ugl.*,compliment.*,hoping,sunny,crying,heartbreak.*,protesting,turmoil,stress.*,fucks,sucker.*,pity.* ,barely,disregard.*,invariab.*,provoc.*,truly,evaluat.*,seems,made,wish,likel.*,positiv.*,oppos.*,,,fruit.*,souri.*,views,,warm.*,bowel.*,fuckin.*,OCD,tender.*,genital.*,tendons,drs,sickleave.*,perver.*,hunger.*,bent,event,ledging,rising,transport.*,falling,fit,straight,etern.*,speed.*,coworker.*,merger.*,taxed,goal.*,succeed.*,entertain.*,skied,pets,fee,store,lord.*,spirit.*,,,,
can't,mustnt,totally,they,yours,,,,,,,,died,makes,uses,mightve,lived,have,waits,,where,,,,rest,,,companions,letter,sweetheart.*,,,,beaut.*,easiness,hating,mocking,serious,unattractive,confidence,hug ,sunshin.*,cunt.*,heartbroke.*,puk.*,ugh,struggl.*,fume.*,sucks,regret.*,barrier.*,distinct.*,irrational.*,provok.*,truth.*,examin.*,sense,make,wished,lot,precis.*,prevent.*,,,fuzz.*,sours,vivid.*,,weight,brain.*,fucks,optometr.*,tendon ,goosebump.*,thigh.*,drug.*,sickly,porn.*,hungr.*,beside,eventually,left,road.*,travel.*,falls,floor.*,street.*,eve,spring,credential.*,mfg,taxes,hero.*,success.*,exercis.*,skier.*,pillow.*,fees,tax,lutheran.*,sunni,,,,
cetera,must'nt,toward.*,theyd,youve,,,,,,,,dies,may,using,might've,looked,havent,want,,yet,,,,same,,,companionship.*,listen,sweetie.*,,,,beloved,easing,hatred,mocks,seriously,uncertain.*,confident,hugg.*,super,cut,heartless.*,punish.*,ugl.*,stunned,fuming,sucky,reject.*,based,distinguish.*,irrefu.*,prude,typically,explain,sensed,maker.*,wishes,lotof,proof,prohib.*,,,gaz.*,soury,watch.*,,weighted,bread,gay,orgasm.*,tendoni.*,gums,thirst.*,dx,sickness.*,pregnan.*,ingest.*,beyond,ever,level,rode,trip,fell,forward.*,stretch.*,evening.*,start,credit.*,mfr,taxing,honor.*,super,families.*,skiing,porch,financ.*,taxa.*,mecca,sunnis,,,,
clearly,mustn't,trillion.*,they'd,you've,,,,,,,,dislike,mean,viewed,must,lost,haven't,wants,,,,,,section,,,compassion.*,listened,talk,,,,benefic.*,easy.*,hazy,molest.*,seriousness,uncomfortabl.*,confidently,hugs,superior.*,cynic.*,hell,rage.*,unattractive,stuns,furious.*,tantrum.*,remorse.*,bases,doubt.*,issue,prudes,unaccept.*,explained,senses,makes,wishing,lots ,prove.*,protect.*,,,glanc.*,speak,white.*,,weighting,breakfast.*,gays,orgies,tendons,gut,throat.*,emphysem.*,sinus.*,prostat.*,kitchen.*,biannu.*,everyday,levels,room,tripped,fill.*,full.*,surfac.*,event,started,cubicle.*,mgmt,teach.*,honour.*,superb.*,family,skis,remodel.*,fortune.*,taxed,meditat.*,temple.*,,,,
completely,mustve,tripl.*,theyll,,,,,,,,,disliked,means,wait,mustnt,loved,hear,we're,,,,,,segment,,,complain.*,listener.*,talkative.*,,,,benefit,ecsta.*,heartbreak.*,mooch.*,severe.*,uncontrol.*,considerate,humor.*,support,damag.*,hellish,raging,uncertain.*,suspicio.*,fury,teas.*,resign.*,basis,dubious.*,just,prudish.*,unambigu.*,explaining,sensing,making,would,lotsa,pure.*,prude,,,glow.*,speaker.*,whitish.*,,weightless.*,breast.*,genital.*,orgy,testosterone.*,guts,tit,enema.*,sore.*,prostitu.*,liquor.*,big,everywhere,littl.*,roomate.*,tripping,fled,further.*,surround.*,eventually,starter.*,curricul.*,mgr,team.*,ideal.*,surviv.*,fantasi.*,soaps,renovat.*,franc,taxes,mercif.*,testament.*,,,,
constantly,must've,truly,they'll,,,,,,,,,dislikes,meant,waited,must'nt,made,hears,whats,,,,,,selection,,,comrad.*,listening,talked,,,,benefits,efficien.*,heartbroke.*,mood,shake.*,uneas.*,contented.*,humour.*,supported,damn.*,helpless.*,rancid.*,uncomfortabl.*,tense.*,goddam.*,temper,ruin.*,became,dunno,justif.*,pure.*,unaware.*,explains,solution.*,manipul.*,wouldnt,lotta,sure.*,prudes,,,grab.*,speaking,yellow.*,,weightlift.*,breath.*,gland.*,orthodon.*,therap.*,hair.*,tits,estrogen.*,std.*,prude,lunch.*,bigger,exit.*,local.*,roomed,trips,flee.*,giant.*,tall,ever,starting,customer.*,midterm.*,tenure.*,importan.*,team.*,fantasy,soccer.*,rent.*,franchis.*,taxing,mercy,theolog.*,,,,
could,my,twel.*,theyve,,,,,,,,,do,met,waits,mustn't,meant,helps,what's,,,,,,series,,,confess.*,listens,talker.*,,,,benefitt.*,egotis.*,heartfelt,moodi.*,shaki.*,unfortunate.*,contentment,hurra.*,supporter.*,danger.*,hesita.*,rape.*,uncontrol.*,tensing,greed.*,tempers,sad,because,duti.*,keep,purpose.*,uncertain.*,explanat.*,solve,misle.*,wouldn't,luck,total,prudish.*,,,gray.*,speaks,,,weights,bronchi.*,glaucoma,orthoped.*,thermometer.*,hamstring.*,titties,exercis.*,stiff.*,prudes,meal.*,biggest,explor.*,long,roomie.*,tuesday.*,flew,gigantic,taller,everyday,starts,cv.*,motiv.*,test,improve.*,top,film.*,solitaire,residen.*,francs,thrift.*,methodis.*,torah,,,,
couldnt,myself,twent.*,they've,,,,,,,,,does,might,walked,mustve,met,heres,wheres,,,,,,several,,,confide,love ,talking,,,,benevolen.*,elegan.*,heartless.*,moods,shaky,unfriendly,convinc.*,ideal.*,supporting,daze.*,homesick.*,raping,uneas.*,tension.*,grouch.*,terrify,sadde.*,become,duty,keeping.*,puzzl.*,unclear.*,explor.*,solved ,motiv.*,wouldve,lucked,totally,refrain.*,,,greas.*,speech.*,,,wet,brunch.*,glutton.*,ovar.*,thigh.*,hand,titty,exhaust.*,strept.*,prudish.*,milk.*,bimonth.*,exterior.*,longe.*,rooming,under,flies,ginormous,tallest,fade.*,startup.*,deadline.*,negotiat.*,tested,improving,tried,fishing,song.*,room,free,trade.*,minister.*,vatican.*,,,,
couldn't,near,twice,thine,,,,,,,,,doesnt,mightve,want,must've,missed,here's,where's,,,,,,significant,,,confided,loved,talks,,,,benign.*,embarrass.*,heartwarm.*,moody,shame.*,ungrateful.*,cool,importan.*,supportive.*,decay.*,hopeless.*,rapist.*,unfortunate.*,terrified,grr.*,threat.*,sadly,becomes,each,keeps,quer.*,undecided.*,feel,solves,obedien.*,would've,lucki.*,true,refus.*,,,green.*,spice,,,wetly,bulimi.*,gobble.*,overate,thirst.*,hands,toe,faint.*,stroke.*,pubic,obes.*,birth.*,fade.*,longitud.*,roommate.*,underneath,flow.*,global.*,territor.*,fading.*,still,dean.*,ngo,testing,inadequa.*,tries,fitness,spa,roomate.*,freeb.*,trading,ministr.*,veil.*,,,,
couldve,nearly,two,thing.*,,,,,,,,,doesn't,might've,wanted,ought,moved,hes,whos,,,,,,simple,,,confides,lover.*,team.*,,,,best,emotion,heaven.*,moron.*,share,unhapp.*,courag.*,impress.*,supports,defeat.*,horr.*,rebel.*,unfriendly,terrifies,harass.*,ticked,sadness,becoming,effect.*,kept,question.*,undeniab.*,feeling.*,solving,obey.*,yearn.*,luckless.*,truest,rein.*,,,grey.*,spiced,,,,burp.*,gobbling,overeat.*,throat.*,head,toenail.*,farsighted,sunburn.*,pussy.*,overate,biweek.*,fading.*,low.*,rooms,undersid.*,fly,ground.*,thick.*,fast,stop,delegat.*,nonprofit.*,tests,incapab.*,triumph.*,flatscreen.*,spas,roomed,fund,tuition,missionar.*,worship.*,,,,
could've,neednt,uhuh,this,,,,,,,,,doing,miss,wants,oughta,mustve,he's,who's,,,,,,singl.*,,,confiding,loves,teas.*,,,,better,emotion,heh.*,mourn.*,shared,unimportant,create.*,improve.*,suprem.*,defect.*,hostil.*,reek.*,ungrateful.*,terrify ,hate,tortur.*,sob,belief.*,either,kind (of),quite,understand,feels,statement.*,origin,,lucks,truly,reluctan.*,,,grip,spices,,,,butt,gonorrhea,overweight,throb.*,heads,toes,fat,surgeon.*,queer.*,overeat.*,born,fall,map,run,universe.*,flying,hall,thin,faster,stopped,demote.*,occupa.*,textbook.*,incentive.*,try,football.*,sport.*,roomie.*,funded,underpaid,mitzvah.*,yiddish,,,,
couple,need'nt,under,those,,,,,,,,,done,missed,was,oughtnt,must've,hope,wish,,,,,,some,,,congregat.*,loving.*,telephon.*,,,,bitch.*,emotional,hell,murder.*,shares,unimpress.*,creati.*,improving,sure.*,defenc.*,humiliat.*,regret.*,unhapp.*,terrifying,hated,trick.*,sobbed,believe,elicit.*,kinda,random.*,understandab.*,felt,suspect.*,originat.*,,lucky,truth.*,repress.*,,,gripp.*,spicy,,,,butts,goosebump.*,pain,thyroid.*,heart,tongue.*,fatigu.*,surger.*,rape.*,overweight,both,fallen,mapped,runner.*,until,follow,height.*,thinly,fastest,stopper.*,department.*,office.*,theses,incompeten.*,trying,frisbee.*,standup,rooming,funding,value,mohamm.*,zen,,,,
cuz,needn't,underneath,thou,,,,,,,,,dont,misses,wasnt,ought'nt,needed,hopes,wishes,,,,,,somewhat,,,consult.*,ma,tell,,,,bitter.*,empt.*,hellish,nag.*,sharing,unkind,credit.*,incentive.*,surpris.*,defens.*,hurt.*,reject.*,unimportant,terror.*,hateful.*,ugl.*,sobbing,believed,enclos.*,kindof,rather,understanding.*,figur.*,suspicio.*,origins,,mainly,unambigu.*,requir.*,,,grips,spoke.*,,,,butt's,grocer.*,pained,tingl.*,hearts,tonsils,fats,swelling,raping,pasta.*,bottom.*,falling,mapping,running,up,followed,high,thinn.*,february,stopping,dept,org,thesis,ineffect.*,unable,game.*,stereo,roommate.*,funds,visa.*,monast.*,zion.*,,,,
definitely,negat.*,unique,thoust,,,,,,,,,don't,moved,wasn't,oughtn't,owed,hows,wonder,,,,,,term,,,contact.*,ma'am,telling,,,,blam.*,encourag.*,helper.*,nast.*,shit.*,unlov.*,cute.*,innocen.*,sweet,degrad.*,idiot,reluctan.*,unimpress.*,timid.*,hater.*,vicious.*,sobs,believes,enlighten.*,knew,rational.*,understands,find.*,think,outcome.*,,marginal.*,undeniab.*,reserved,,,hair.*,squar.*,,,,cafeteria.*,gulp.*,painf.*,tire.*,heel.*,tooth.*,fatt.*,swollen,rapist.*,pizza.*,breadth,falls,maps,runs,updat.*,following,highe.*,tinier,final ,stops,desk.*,organiz.*,toefl,initiat.*,unbeat.*,gaming,stereos,rooms,gambl.*,wage,monk.*,,,,,
despite,neither,unless,thy,,,,,,,,,drank,must,we'd,oughtve,paid,how's,youre,,,,,,ton,,,contradic.*,mail,tells,,,,bless.*,enemie.*,helpful.*,neat.*,shock.*,unpleasant,cutie.*,inspir.*,sweetheart.*,depress.*,ignor.*,remorse.*,unkind,trembl.*,hates,victim.*,solemn.*,believing,entire.*,know,react.*,understood,forgave,thinker.*,permit.*,,may,undoubt.*,responsib.*,,,hand,squeez.*,,,,cancer.*,gums,paining,tiring,hip,tricep.*,fever.*,symptom.*,screw.*,restau.*,break,far,march.*,rush.*,upon,follows,horizontal.*,tiniest,finally,subsequen.*,diplom.*,outlin.*,trade.*,irresponsible.*,unproduc.*,garage.*,stoned,rug,greed.*,wager.*,,,,,,
did,never,until,us,,,,,,,,,driven,mustnt,we'll,ought've,played,Im,you're,,,,,,tons,,,convers.*,mailed,thee,,,,bold.*,enemy.*,helping,needy,shook,unprotected,daring,intell.*,sweetie.*,depriv.*,immoral.*,repress.*,unlov.*,turmoil,hating,vile,sorrow.*,besides,essential,knowab.*,real ,undesire.*,forgiv.*,thinking.*,pick ,,maybe,unquestion.*,restrain.*,,,handful.*,stank,,,,candie.*,gut,painl.*,tit,hips,urin.*,flu,syndrome.*,seduc.*,salad.*,brief.*,farther,mass,saturday.*,upper,forward.*,huge.*,tiny,finish.*,sudden.*,director.*,outsourc.*,trading,king.*,unsuccessful.*,garden.*,sunbath.*,rugs,income.*,wages,,,,,,
didnt,nine.*,unto,we,,,,,,,,,drove,must'nt,went,shall,ran,i'm,youve,,,,,,total,,,counc.*,mailer.*,their.*,,,,bonus.*,energ.*,helpless.*,neglect.*,shy.*,unsavo.*,darlin.*,interest.*,sweetly,despair.*,impatien.*,resent.*,unpleasant,uncertain.*,hatred,villain.*,suffer,bet,evaluat.*,knower.*,reality,undetermin.*,found,thinks,produc.*,,might,wholly,restrict.*,,,hands,stare.*,,,,candy,guts,pains,tits,hornie.*,uter.*,gland.*,syphili.*,sex.*,sandwich.*,bring,farthest,meantime,schedul.*,uppermost,front,in,together,first,summer.*,dissertat.*,overpaid,transcript.*,lazie.*,victor.*,golf.*,swim.*,shower.*,inexpens.*,wealth.*,,,,,,
didn't,no,up,we'd,,,,,,,,,eaten,mustn't,were,shant,said,is,you've,,,,,,tripl.*,,,couns.*,mailing,them,,,,bore.*,engag.*,helps,nerd.*,sicken.*,unsuccessful.*,dear.*,invigor.*,sweetness.*,desperat.*,impersonal,resign.*,unprotected,uncomfortabl.*,heartless.*,violat.*,suffered,bets,ever,knowing,realiz.*,undo ,grasp.*,thought,provoc.*,,mightve,,retain.*,,,hard,staring,,,,cardia.*,gynecolog.*,palm,titties,horny,vagina.*,glaucoma,tender.*,slut.*,servings,bringing,fast,meanwhile,season.*,upstairs,go,inch.*,top,firstly,sunday.*,dividend.*,overtime,transfer.*,lazy,win,guitar.*,symphon.*,sofa.*,inherit.*,worth,,,,,,
difference.*,nobod.*,upon,we'll,,,,,,,,,emailed,mustve,we're,shan't,sat,isnt,,,,,,,unique,,,cousin.*,mails,themselves,,,,boring,enjoy.*,hero.*,nervous.*,sigh,unsure.*,definite,joke.*,sweets,despis.*,impolite.*,restless.*,unsavo.*,uncontrol.*,hell,violent.*,sufferer.*,betting,every,knowledg.*,really,undoubt.*,idea,thoughts,provok.*,,might've,,rigid.*,,,harde.*,stench.*,,,,cardio.*,gyno.*,palms,titty,intestin.*,vein.*,gynecolog.*.*,tendoni.*,std.*,skinni.*,brings,faster,meter.*,seconds,usual,goes,inner.*,toward.*,firsts,synch.*,doctor.*,overworked,tutor.*,lead.*,winn.*,gym.*,tanning,stove.*,insurance,yen,,,,,,
do,none,us,we're,,,,,,,,,ended,must've,weren't,she'd,saw,,,,,,,,various,,,coworker.*,male,they,,,,bother.*,enrag.*,hesita.*,neurotic.*,sighed,unwelcom.*,definitely,joking,talent.*,destroy.*,inadequa.*,revenge.*,unsuccessful.*,uneas.*,hellish,war,suffering,binding,everybod.*,known,rearrang.*,unknow.*,ideas,unaccept.*,purpose.*,,most,,safe.*,,,harmon.*,stink.*,,,,checkup.*,hair.*,pap,toe,itch.*,waist.*,gyno.*,testosterone.*,stud,skinny.*,brink,fastest,metre.*,section,usually,going,inside,town,followup.*,tempora.*,dorm.*,paper.*,type.*,lesson.*,wins,hangin.*,team.*,studio,invest.*,yuan,,,,,,
does,nope,usually,weve,,,,,,,,,entered,need,weve,she'll,seemed,,,,,,,,version.*,,,crowd.*,males,theyd,,,,brave.*,entertain.*,hilarious,nice.*,sighing,upset.*,delectabl.*,joll.*,tehe,destruct.*,indecis.*,ridicul.*,unsure.*,unsure.*,hostil.*,warfare.*,suffers,blatant.*,everything.*,knows,reason.*,unless,identif.*,unaware.*,rational.*,,mostly,,secur.*,,,hear,stroke.*,,,,cheek.*,hallucinat.*,paraly.*,toenail.*,jaw.*,wake,hallucinat.*,therap.*,syphili.*,smok.*,broad.*,february,mid,segment,vast.*,gone,insides,under,forever,term ,dotcom,pay.*,typing,limit.*,won,hangout.*,techno,studios,IRS,,,,,,,
doesnt,nor,various,we've,,,,,,,,,explain,needed,we've,shes,seen,,,,,,,,whole,,,cultur.*,male's,they'd,,,,bright.*,enthus.*,hoho.*,numb.*,sighs,uptight.*,delicate.*,joy.*,tender.*,devastat.*,ineffect.*,rigid.*,unwelcom.*,upset.*,humiliat.*,warred,tears,block,evident.*,lack.*,recall.*,unlikel.*,imagin.*,understand,react.*,,myster.*,,stiff.*,,,heard,stroki.*,,,,chest.*,hamstring.*,passion.*,toes,joints,wear,hangover.*,thermometer.*,tit,snack.*,brought,fell,middl.*,send.*,verg.*,grew,interior.*,underneath,former.*,terminat.*,downsiz.*,pc.*,undergrad.*,lose,work ,hik.*,television.*,sweep.*,,,,,,,,
doesn't,not,very,what,,,,,,,,,explained,needs,whats,she's,sensed,,,,,,,,worst,,,dad.*,mam,theyll,,,,brillian.*,envie.*,homesick.*,nurtur.*,silli.*,useful.*,delicious.*,keen.*,terrific.*,devil.*,inferior.* ,risk.*,upset.*,uptight.*,idiot.*,warring,traged.*,blocked,exact.*,launch.*,reckon.*,unluck.*,induc.*,understandab.*,reason.*,,nearly,,stop,,,hearing,stunk,,,,chew.*,hand,pasta.*,tongue.*,kidney.*,womb.*,headache.*,throb.*,tits,soda.*,building,fill.*,mile.*,senior.*,vertical.*,grow,internal.*,undersid.*,forward.*,then,dropout.*,pen,underpaid,loser.*,workabl.*,hiphop,tennis.*,tenant.*,,,,,,,,
doing,nothing,wanna,whatever,,,,,,,,,explains,ought,what's,should,sent,,,,,,,,,,,dating,man,they'll,,,,broke,envious,honest.*,obnoxious.*,silly,useless.* ,deligh.*,kidding,thank,difficult.*,inhib.*,rotten,uptight.*,vulnerab.*,insult.*,wars,tragic.* ,blocker.*,examin.*,law,recogni.*,unneccess.*,infer,understanding.*,response,,obscur.*,,stopped,,,hears,sugar.*,,,,chills,hands,patholog.*,tonsils,knee.*,wrist.*,heal,thyroid.*,titties,starve.*,busy,final ,min,sent,visit.*,growing,internation.*,universe.*,frequent,thursday.*,duti.*,pencil.*,unemploy.*,loses,worked,hobb.*,tequila,toaster.*,,,,,,,,
done,now,was,whats,,,,,,,,,fed,oughta,wheres,shouldnt,shared,,,,,,,,,,,daughter.*,man's,theyre,,,,brutal.*,envy.*,honor.*,obsess.*,sin,vain,determina.*,kind,thanked,disadvantage.*,insecur.*,rude.*,useless.* ,worr.*,interrup.*,weapon.*,unhapp.*,blocking,except,lead.*,recollect.*,unneed.*,inferr.*,understands,result.*,,occasional.*,,stopper.*,,,heavie.*,sumptuous.*,,,,chiropract.*,hangover.*,pediatr.*,tooth.*,,,healed,tingl.*,titty,starving,came,finally,minute.*,separat.*,walk,grown,intersect.*,up,frequented,til,duty,pens ,universit.*,losing,worker.*,hockey.*,theat.*,vacuum.*,,,,,,,,
dont,nowhere,wasnt,what's,,,,,,,,,feel,oughtnt,where's,should'nt,shouldve,,,,,,,,,,,deal,marriag.*,they're,,,,burden.*,evil.*,honour.*,offence.*,sincer.*,valuabl.*,determined,kindly,thankf.*,disagree.*,insincer.*,ruin.*,vain,,intimidat.*,wicked.*,unimportant,blocks,exclu.*,learn.*,reconcil.*,unquestion.*,infers,understood,root.*,,often,,stopping,,,heavy.*,sunli.*,,,,chlamydia,head,pee,tox.*,,,healer.*,tire.*,vagina.*,stuffed,capacit.*,finish.*,modern.*,september.*,walked,growth,into,upon,frequenting,till,earn.*,pension.*,unproduc.*,loss.*,working.*,holiday.*,ticket.*,window.*,,,,,,,,
don't,of,wasn't,which,,,,,,,,,feels,ought'nt,whod,shouldn't,should've,,,,,,,,,,,describe,marrie.*,theyve,,,,calm.*,excel.*,hope,offend.*,sinister,value,devot.*,kindn.*,thanks,disappoint.*,insult.*,sad,vanity,,,,unsuccessful.*,blur.*,expect.*,led,reconsider.*,unrelat.*,info,unrelat.*,since,,opinion,,stops,,,honey,sunshin.*,,,,chok.*,headache.*,pelvi.*,tricep.*,,,healing,tiring,vd,sugar.*,car,first,moment.*,sequen.*,walking,hang,kilometer.*,upper,frequently,time.*,econ.*,phd.*,upperclass.*,lost,works,horseback,tivo.*,yard,,,,,,,,
doubl.*,off,we,whichever,,,,,,,,,felt,oughtn't,who'd,shouldve,showed,,,,,,,,,,,described,ma's,they've,,,,care,excit.*,hoped,offens.*,sins,valued,digni.*,kiss.*,thoughtful.*,disaster.*,interrup.*,sadde.*,vicious.*,,,,useless.* ,borderline.*,experiment,lesson.*,reconstruct.*,unresolv.*,inform,wonder,solution.*,,option,,stubborn.*,,,hot,sweet,,,,cholester.*,heads,penis.*,tumo.*,,,heals,tox.*,virgin.*,supper.*,carried,firstly,monday.*,set,walks,headed,km.*,uppermost,frequents,timing,edit.*,photocop.*,varsit.*,,,hotel.*,toy.*,,,,,,,,,
down,often,we'd,who,,,,,,,,,fled,oughtve,wholl,should've,slept,,,,,,,,,,,describes,mate,thine,,,,cared,excruciat.*,hopeful,ok,skeptic.*,values,divin.*,laidback,thrill.*,discomfort.*,intimidat.*,sadly,victim.*,,,,weep.*,boss.*,explain,liabilit.*,reevaluat.*,unsettl.*,information,wondered,solve,,or,,subdue.*,,,hott.*,sweetness,,,,chow.*,heal,perspir.*,twitch.*,,,health.*,tumo.*,whore.*,swallow.*,carrier.*,firsts,month.*,shake.*,wall,heading,land,upstairs,Friday.*,today.*,educat.*,pledg.*,vita,,,hunting,travel.*,,,,,,,,,
dozen.*,on,well,whod,,,,,,,,,flew,ought've,who'll,thatd,sold,,,,,,,,,,,describing,mates,thou,,,,carefree,exhaust.*,hopefully,okay,slut.*,valuing,dynam.*,laugh.*,toleran.*,discourag.*,irrational.*,sadness,vile,,,,wept,both,explained,likel.*,refer.*,unsure.*,informative.*,wondering,solved,,overall,,suppress.*,,,hush.*,sweets,,,,chronic.*,healed,perver.*,tylenol,,,heartburn.*,twitch.*,womb.*,tast.*,carries,fit,morning.*,shape.*,walling,hik.*,large.*,vast.*,futur.*,tomorrow.*,elementary,police,vitas,,,inn,triathl.*,,,,,,,,,
during,once,we'll,who'd,,,,,,,,,follow,owe,whos,that'd,spent,,,,,,,,,,,disclo.*,mate's,thoust,,,,careful.*,fab,hopefulness,okays,smart.*,vanity,eager.*,libert.*,tranquil.*,disgust.*,irrita.*,sarcas.*,villain.*,,,,whine.*,bound.*,explaining,limit.*,reflect.*,unwant.*,informed,wonders,solves,,partly,,taboo.*,,,image.*,tang,,,,cigar.*,healer.*,pharmac.*,ulcer.*,,,hemor.*,tylenol,,tea,carry ,fled,motion.*,shaping.*,walls,increas.*,ledge.*,verg.*,generation.*,tonight.*,employ.*,policy,vocation.*,,,inns,tv.*,,,,,,,,,
each,one,were,wholl,,,,,,,,,followed,owed,who's,thatll,spoke.*,,,,,,,,,,,discuss.*,mating,thy,,,,careless.*,fabulous.*,hopeless.*,oks,smil.*,vicious.*,ease.*,like,treasur.*,dishearten.*,isolat.*,savage.*,violat.*,,,,whining,brake.*,explains,link.*,refrain.*,uptight.*,informing,,solving,,perhaps,,tidi.*,,,inaudibl.*,tangy,,,,clinic.*,healing,phobi.*,unhealth.*,,,herpes,ulcer.*,,thirst.*,carrying,flee.*,move,shook,way ,jog.*,ledging,vertical.*,happening,tuesday.*,esl,political,vp.*,,,intramural.*,unwind.*,,,,,,,,,
eight.*,ones ,we're,who'll,,,,,,,,,follows,owes,will,that'll,started,,,,,,,,,,,divorc.*,meet,told,,,,cares,fail.*,hopes,openminded.*,smother.*,victim.*,easie.*,likeab.*,treat,disillusion.*,jaded,scare.*,violent.*,,,,woe.*,bridle.*,explanat.*,logic.*,refus.*,use,,,source.*,,possib.*,,tidy,,,inhal.*,tart,,,,clothes,heals,physical.*,urin.*,,,hiccup.*,unhealth.*,,veget.*,catch,flew,moved,short.*,wednesday.*,journey.*,left,wall,histor.*,until,exam,politics,wage,,,ipod.*,vacation.*,,,,,,,,,
either,oneself,weren't,whom,,,,,,,,,forgot.*,paid,wish,thats,stayed,,,,,,,,,,,email,meeting.*,transact.*,,,,caring,faith.*,hoping,openness,smug.*,vigor.*,easily,liked,triumph.*,dislike,jealous.*,scaring,vulnerab.*,,,,worthless.* ,but,explicit.*,lot,regardless,used,,,stimul.*,,practically,,tight.*,,,leather.*,tast.*,,,,cock,health.*,physician.*,uter.*,,,hiv,vertigo,,veggie.*,caught,flies,movement.*,shut,week,jump.*,level,walling,hour.*,updat.*,exams,practice,wages,,,jazz.*,vcr.*,,,,,,,,,
eleven,only,weve,whose,,,,,,,,,fought,played,wished,that's,stood,,,,,,,,,,,email'.*,meets,uncle,,,,casual,fake,horr.*,opportun.*,snob.*,vigour.*,easiness,likes,true ,disliked,jerk,scary,vulture.*,,,,yearn.*,came,explor.*,lotof,regret.*,uses,,,therefor.*,,pretty,,uptight.*,,,lick.*,thick.*,,,,cocks.*,heart,pill,vagina.*,,,hormone.*,viagra,,waist.*,cease.*,floor.*,mover.*,side,week'.*,lead.*,levels,walls,hurrie.*,usual,excel.*,prereq.*,warehous.*,,,jog.*,video.*,,,,,,,,,
else,onto,we've,ya,,,,,,,,,found,ran,wishes,theres,stopped,,,,,,,,,,,emailed,members,uncles,,,,casually,fantastic.*,hostil.*,optimal.*,sob,vile,easing,liking,trueness,dislikes,jerked,sceptic.*,war,,,,,careful.*,extremely,lots ,rein.*,using,,,thus,,probable,,veto,,,light,thin,,,,codeine,heartburn.*,pills,vd,,,hospital.*,vicodin,,water,ceasing,flow.*,moves,sides,weekend.*,leave,littl.*,west.*,hurry.*,usually,executive.*,presentation.*,welfare,,,joke.*,vodka.*,,,,,,,,,
enough,or,what,yall,,,,,,,,,fuck,said,woke,there's,stuck,,,,,,,,,,,emailer.*,men,uncle's,,,,certain.*,fatal.*,hug,optimi.*,sobbed,villain.*,easy.*,livel.*,truer,disliking,jerks,scream.*,warfare.*,,,,,categor.*,fact,lotsa,relate.*,usually,,,trigger.*,,probablistic.*,,wait,,,limp.*,thinn.*,,,,coffee.*,hearts,pimple.*,veget.*,,,hungover,vitamin.*,,weigh ,ceiling.*,fly,moving,siding,weekl.*,leaves,local.*,where,immediate,wednesday.*,expel.*,presiden.*,work ,,,joking,volleyb.*,,,,,,,,,
entire.*,other,whatever,y'all,,,,,,,,,fucked.*,sat,woken,theyd,studied,,,,,,,,,,,emailing,men'.*,ur,,,,challeng.*,fatigu.*,hugg.*,original,sobbing,violat.*,ecsta.*,LMAO,truest,dismay.*,kill.*,screw.*,warred,,,,,caus.*,facts,lotta,relating,vague.*,,,use,,probably,,waited,,,listen,thunder.*,,,,coke.*,heel.*,piss.*,veggie.*,,,hyperten.*,vomit.*,,weighed,center.*,flying,narrow.*,simultaneous.*,weeks,leaving,longitud.*,wheres,immediately,week,expulsion.*,procrastin.*,workabl.*,,,karaoke,weekend.*,,,,,,,,,
equal.*,others,whats,ye,,,,,,,,,fucks,saw,won,they'd,sucked,,,,,,,,,,,emails,mention.*,us,,,,champ.*,fault.*,hugs,outgoing,sobs,violent.*,efficien.*,LOL,truly,dissatisf.*,lame.*,selfish.*,warring,,,,,caut.*,factual.*,luck,relation,variab.*,,,used,,puzzl.*,,waiting,,,listened,tight.*,,,,colon,helpings,pizza.*,vein.*,,,hypotherm.*,wart,,weighing.*,centre.*,follow,nation.*,sit,went,led,low.*,where's,immediateness,week'.*,factories,produc.*,worked,,,keg,weightlift.*,,,,,,,,,
especially,otherwise,what's,you,,,,,,,,,gave,see,wonder,theyll,suffered,,,,,,,,,,,encourag.*,messag.*,visit.*,,,,charit.*,favor.*,humiliat.*,outrag.*,sociab.*,virtue.*,elegan.*,love,trust.*,distract.*,lazie.*,serious,wars,,,,,cease.*,fairly,lucked,reluctan.*,varies,,,uses,,question.*,,waits,,,listener.*,tongue.*,,,,colono.*,hemor.*,pms,vertigo,,,ibuprofen,warts,,weighs,centur.*,followed,near,site,west.*,motion.*,map,wherever,immortal.*,weekend.*,factory,prof,worker.*,,,kegger,weights,,,,,,,,,
etc,ought,when,youd,,,,,,,,,get,seem,wondered,they'll,supported,,,,,,,,,,,enemie.*,met,we,,,,charm.*,favour.*,humor.*,overwhelm.*,solemn.*,virtuo.*,encourag.*,loved,truth.*,distraught,lazy,seriously,weak.*,,,,,ceasing,feel,lucki.*,rememb.*,vary,,,using,,quite,,wariness,,,listening,touch.*,,,,colons,herpes,podiatr.*,viagra,,,ICU,wash,,weight,change,following,neared,sitting,when,move,mapped,wide.*,inciden.*,weekl.*,facult.*,profession.*,working.*,,,keggers,whiskey.*,,,,,,,,,
even,oughta,whenever,you'd,,,,,,,,,gets,seemed,wont,theyre,supposed,,,,,,,,,,,enemy.*,mob,wed,,,,cheat.*,fear,humour.*,pain,sorrow.*,vital.*,energ.*,lovely,useful.*,distress.*,liabilit.*,seriousness,weapon.*,,,,,certain.*,feeling.*,luckless.*,reorgani.*,versus,,,why,,random.*,,wary,,,listens,triang.*,,,,coma.*,hiccup.*,poison.*,vicodin,,,ill,weak.*,,whiskey.*,changed,follows,nearer,sky.*,whenever,moved,mapping,width.*,infinit.*,weeks,fail.*,professor.*,works,,,kegs,whisky.*,,,,,,,,,
eventually,oughtnt,where,youll,,,,,,,,,give,seems,won't,they're,taken,,,,,,,,,,,everybod.*,mobb.*,we'd,,,,cheer.*,feared,hurra.*,pained,sorry,vulnerab.*,engag.*,lover.*,valuabl.*,distrust.*,liar.*,severe.*,weep.*,,,,,chance,feels,lucks,repress.*,veto,,,,,seem,,withheld,,,lit,unsavo.*,,,,condom,hip,poop.*,virgin.*,,,illness.*,weary,,whisky.*,changes,followup.*,nearest,slid,where,movement.*,maps,within,initial.*,when,fax.*,profit.*,xerox.*,,,laidback,wine,,,,,,,,,
ever,ought'nt,whereas,you'll,,,,,,,,,given,seen,wore,theyve,talked,,,,,,,,,,,everyone.*,mobs,wedding.*,,,,cherish.*,fearful.*,hurt.*,painf.*,soulmate.*,vulture.*,enjoy.*,loves,value,disturb.*,lied,shake.*,weird.*,,,,,change,felt,lucky,requir.*,vs,,,,,seemed,,withhold.*,,,look,view,,,,condoms,hips,porn.*,vitamin.*,,,immun.*,wheez.*,,wine,changing,forever,nearing,slide,wheres,mover.*,mass,world,initiat.*,whenever,,,,,,liquor.*,wines,,,,,,,,,
every,oughtn't,wheres,your ,,,,,,,,,gives,sees,worked,they've,taught,,,,,,,,,,,everything.*,mom,weds,,,,chuckl.*,fearing,ideal.*,paining,special,war,entertain.*,loving.*,valued,domina.*,lies,shaki.*,wept,,,,,changed,fenc.*,made,reserved,wait,,,,,seeming.*,,yield.*,,,looked,viewer.*,,,,congest.*,hiv,pregnan.*,vomit.*,,,indigestion,withdrawal,,wines,childhood,former.*,nears,slides,where's,moves,,,instan.*,while,,,,,,magazine.*,workout.*,,,,,,,,,
everybod.*,oughtve,where's,youre,,,,,,,,,go,sensed,worn,was,tended,,,,,,,,,,,ex,momma.*,welcom.*,,,,clever.*,fearless.*,idiot,painl.*,spite.*,warfare.*,enthus.*,loyal.*,values,doom.*,lone.*,shaky,whine.*,,,,,changes,figur.*,mainly,resolu.*,waited,,,,,seems,,,,,looker.*,viewing.*,,,,constipat.*,ho,prescri.*,waist.*,,,infect.*,wound.*,,,christmas.*,forward.*,never,sliding,wherever,moving,,,interval.*,whilst,,,,,,mall,xbox.*,,,,,,,,,
everyone.*,ought've,whether,you're,,,,,,,,,goes,sent,would,wasnt,thanked,,,,,,,,,,,exbf.*,mommy.*,we'll,,,,comed.*,fears,ignor.*,pains,splend.*,warm.*,excel.*,luck,valuing,dork.*,longing.*,shame.*,whining,,,,,changing,find.*,make ,resolv.*,waiting,,,,,shaki.*,,,,,looking,views,,,,contag.*,homo,prick.*,wake,,,inflam.*,xanax,,,city,frequent,new,slow.*,while,pass,,,january,winter.*,,,,,,malls,yard,,,,,,,,,
everything.*,our,which,yours,,,,,,,,,gone,shall,wouldnt,wasn't,thought,,,,,,,,,,,exboyfriend.*,moms,we're,,,,comfort.*,feroc.*,immoral.*,palatabl.*,stammer.*,warred,excit.*,lucked,vigor.*,doubt.*,lose,shit.*,whore.*,,,,,choice.*,forbid.*,maker.*,response,waits,,,,,shaky,,,,,looks,vivid.*,,,,cook.*,homos,prognos.*,wart,,,ingest.*,xray.*,,,climb.*,frequented,newer,small.*,whilst,passed,,,july,year ,,,,,,marathon.*,yoga,,,,,,,,,
example.*,ours,whichever,youve,,,,,,,,,gonna,shant,wouldn't,we'd,threw,,,,,,,,,,,excus.*,mom's,weve,,,,commitment.*,festiv.*,impatien.*,panic.*,stank,warring,fab,lucki.*,vigour.*,dread.*,loser.*,shock.*,wicked.*,,,,,choos.*,force.*,makes,responsib.*,wanna,,,,,some,,,,,loose.*,voic.*,,,,cornea.*,homosexual.*,prostat.*,warts,,,injur.*,yawn.*,,,clock.*,frequenting,newest,sometime ,wide.*,passes,,,june,yearly,,,,,,margarita.*,,,,,,,,,,
except,ourselves,while,you've,,,,,,,,,got,shan't,wouldve,we'll,told,,,,,,,,,,,exes,mother,we've,,,,compassion.*,feud.*,impersonal,paradise,startl.*,wars,fabulous.*,lucks,virtue.*,dull.*,loses,shook,wimp.*,,,,,clarif.*,forever,making,restrain.*,want,,,,,somebod.*,,,,,loud.*,waft.*,,,,coronar.*,hormone.*,prostitu.*,wash,,,insomnia.*,zit,,,close,frequently,newly,sometimes,width.*,passing,,,last.*,years,,,,,,,,,,,,,,,,
extenet,out,who,,,,,,,,,,gotta,shared,would've,were,took,,,,,,,,,,,exgf.*,motherly,who,,,,complain.*,fiery,impolite.*,paranoi.*,steal.*,weak.*,faith.*,lucky,virtuo.*,dumb.*,losing,shy.*,witch,,,,,clear,forgave,manipul.*,restrict.*,wanted,,,,,somehow,,,,,mint.*,warm.*,,,,cough.*,hornie.*,prozac,water,,,insulin,zits,,,closed,frequents,next,somewhere,winter.*,pull.*,,,late,yesterday.*,,,,,,,,,,,,,,,,
extra,outside,whod,,,,,,,,,,gotten,she'd,written,weren't,tried,,,,,,,,,,,exgirl.*,mothers,whod,,,,compliment.*,fiesta.*,importan.*,partie.*,stench,wealth.*,fantastic.*,madly,vital.*,dump.*,loss.*,sicken.*,woe.*,,,,,clearly,forget.*,marginal.*,restructur.*,wanting,,,,,someone.*,,,,,musi.*,watch.*,,,,cramp.*,horny,prude,weak.*,,,intox.*,zoloft,,,closely,Friday.*,night,soon,within,push.*,,,lately,yet,,,,,,,,,,,,,,,,
extremely,over,who'd,,,,,,,,,,guess,she'll,wrote,weve,turned,,,,,,,,,,,exhubby.*,mr ,who'd,,,,concerned,fight.*,impress.*,party.*,stink.*,weapon.*,favor.*,magnific.*,warm.*,dwell.*,lost,sin,worr.*,,,,,close,forgiv.*,matter.*,result.*,wants,,,,,something.*,,,,,nasal,weight,,,,crap,hospital.*,prudes,wear,,,,,,,closer,front,nightly,soone.*,world,put,,,later,young.*,,,,,,,,,,,,,,,,
fairly,own,whole,,,,,,,,,,guessed,shes,youd,we've,understood,,,,,,,,,,,exhusband.*,mrs,wholl,,,,confidence,fine,improve.*,passion.*,strain.*,weep.*,favour.*,merit.*,wealth.*,egotis.*,lous.*,sinister,worse.*,,,,,closure,forgot.*,may,retain.*,we,,,,,sometime,,,,,noise,weighted,,,,crotch,hug,prudish.*,weary,,,,,,,closes,full.*,nights,south.*,year ,puts,,,latest,youth.*,,,,,,,,,,,,,,,,
few.*,part,wholl,,,,,,,,,,guesses,she's,you'd,whats,used,,,,,,,,,,,explain,mum,who'll,,,,confident,fired,improving,pathetic.*,strange,weird.*,fearless.*,merr.*,welcom.*,embarrass.*,low.*,sins,worst,,,,,cohere.*,found,maybe,rethink.*,whether,,,,,sometimes,,,,,noises,weighting,,,,cuddl.*,hugg.*,pubic,weigh ,,,,,,,closest,further.*,noon.*,space,yearly,putting,,,,,,,,,,,,,,,,,,,,
fift.*,partly,who'll,,,,,,,,,,had,should,youll,what's,viewed,,,,,,,,,,,explained,mummy.*,whom,,,,confidently,flatter.*,inadequa.*,peace.*,strength.*,welcom.*,festiv.*,neat.*,well.*,emotional,luckless.*,skeptic.*,worthless.* ,,,,,come,foundation.*,mean,reveal.*,wholly,,,,,somewhat,,,,,noisy,weightless.*,,,,cyst.*,hugs,puk.*,weighed,,,,,,,closing,futur.*,north.*,spaced,years,ran,,,,,,,,,,,,,,,,,,,,
first,perhaps,whom,,,,,,,,,,hadnt,shouldnt,you'll,wheres,waited,,,,,,,,,,,explaining,mums,whos,,,,confront.*,flawless.*,incentive.*,peculiar.*,stress.*,well.*,fiesta.*,nice.*,win,empt.*,ludicrous.*,slut.*,wrong.*,,,,,commit,founded,meaning.*,revelat.*,why,,,,,sort,,,,,nose.*,weightlift.*,,,,deaf.*,hump.*,pulse,weighing.*,,,,,,,come,generation.*,november,spaces,yesterday.*,receiv.*,,,,,,,,,,,,,,,,,,,,
firstly,piec.*,whose,,,,,,,,,,hadn't,should'nt,youre,where's,walked,,,,,,,,,,,explains,mum's,who's,,,,confus.*,flexib.*,indecis.*,perfect.*,strong.*,wept,fine,nurtur.*,winn.*,enemie.*,lying,smother.*,yearn.*,,,,,commitment.*,founder.*,means,rigid.*,wish,,,,,sorta,,,,,nostril.*,weights,,,,decongest.*,hunger.*,puss,weighs,,,,,,,comes,giant.*,now,spaci.*,yet,remov.*,,,,,,,,,,,,,,,,,,,,
firsts,plenty,will,,,,,,,,,,happen,shouldn't,you're,whod,wanted,,,,,,,,,,,express.*,name,whose,,,,considerate,flirt.*,ineffect.*,personal,struggl.*,whine.*,flatter.*,ok,wins,enemy.*,mad,smug.*,,,,,,commits,frankly,meant,root.*,wished,,,,,sortof,,,,,odor.*,wet,,,,dentist.*,hungover,pussies,weight,,,,,,,coming,gigantic,nowhere,span,young.*,replace.*,,,,,,,,,,,,,,,,,,,,
five,plus,with,,,,,,,,,,happened,shouldve,youve,who'd,was,,,,,,,,,,,exwife.*,negotiat.*,wife.*,,,,contempt.*,flunk.*,inferior.* ,perver.*,stubborn.*,whining,flawless.*,okay,wisdom,,,,,,,,,committ.*,fundamental,memor.*,safe.*,wishes,,,,,sorts,,,,,odour.*,wetly,,,,derma.*,hungr.*,pussy.*,wheez.*,,,,,,,common,ginormous,occasional.*,spann.*,youth.*,replacing,,,,,,,,,,,,,,,,,,,,
for,primarily,within,,,,,,,,,,happens,should've,you've,wholl,wasnt,,,,,,,,,,,exwive.*,neighbor.*,willing,,,,contented.*,foe.*,inhib.*,pessimis.*,stunk,whore.*,flexib.*,okays,wise.*,,,,,,,,,compel.*,fundamentalis.*,might,same,wishing,,,,,sortsa,,,,,oil.*,whiff.*,,,,dessert.*,hyperten.*,queas.*,whiskey.*,,,,,,,connection.*,global.*,oclock.*,sped,,ridden,,,,,,,,,,,,,,,,,,,,
form,probably,without,,,,,,,,,,has,showed,,who'll,wasn't,,,,,,,,,,,families.*,neighbour.*,wive.*,,,,contentment,fond,innocen.*,petrif.*,stunned,wicked.*,flirt.*,oks,won,,,,,,,,,complete,fundamentally,mightve,save,with,,,,,spose,,,,,orange.*,whisper.*,,,,detox.*,hypotherm.*,queer.*,whisky.*,,,,,,,constant ,go,o'clock.*,speed.*,,ride,,,,,,,,,,,,,,,,,,,,
four.*,quarter.*,wont,,,,,,,,,,,,,will,went,,,,,,,,,,,family,nephew.*,woman,,,,contradic.*,fondly,insecur.*,pettie.*,stuns,willing,fond,openminded.*,wonderf.*,,,,,,,,,completed,fundamentals,might've,secret,withheld,,,,,suppose,,,,,palatabl.*,white.*,,,,diabet.*,ibuprofen,rape.*,whore.*,,,,,,,,,,,,rides,,,,,,,,,,,,,,,,,,,,
frequently,quick.*,won't,,,,,,,,,,,,,wont,were,,,,,,,,,,,father.*,newborn.*,womanhood,,,,convinc.*,fondness,insincer.*,petty.*,stupid.*,wimp.*,fondly,openness,worship.*,,,,,,,,,completely,fuzz.*,mind,secrets,withhold.*,,,,,supposed,,,,,perfum.*,whitish.*,,,,diagnos.*,ICU,raping,wine,,,,,,,,,,,,riding,,,,,,,,,,,,,,,,,,,,
from,rarely,worst,,,,,,,,,,,,,won't,weren't,,,,,,,,,,,fellow.*,niece.*,womanly,,,,cool,fool.*,inspir.*,phobi.*,stutter.*,win,fondness,opportun.*,worthwhile,,,,,,,,,completes,general,misle.*,seem,without,,,,,supposes,,,,,picture,yell,,,,diarr.*,ill,rapist.*,wines,,,,,,,,,,,,rise.*,,,,,,,,,,,,,,,,,,,,
full.*,rather,would,,,,,,,,,,,,,would,weve,,,,,,,,,,,female.*,offer.*,woman's,,,,courag.*,forbid.*,insult.*,piss.*,submissive.*,winn.*,forgave,optimal.*,wow.*,,,,,,,,,complex.*,generally,mistak.*,seemed,wonder,,,,,supposing,,,,,pink.*,yelled,,,,dick,illness.*,rash.*,withdrawal,,,,,,,,,,,,rising,,,,,,,,,,,,,,,,,,,,
generally,really,wouldnt,,,,,,,,,,,,,wouldnt,we've,,,,,,,,,,,feud.*,organiz.*,women.*,,,,crap,forgave,intell.*,piti.*,succeed.*,wins,forgiv.*,optimi.*,yay,,,,,,,,,compliance,generate.*,misunder.*,seeming.*,wondered,,,,,supposition.*,,,,,press,yelling,,,,dicks,immun.*,rehab.*,womb.*,,,,,,,,,,,,rode,,,,,,,,,,,,,,,,,,,,
greater,remaining,wouldn't,,,,,,,,,,,,,wouldn't,wished,,,,,,,,,,,fiance.*,our,write,,,,crappy,forgiv.*,interest.*,pity.* ,success.*,wisdom,free,original,yays,,,,,,,,,complica.*,generating,most,seems,wondering,,,,,tempora.*,,,,,pressed,yellow.*,,,,diet.*,incest.*,restau.*,wound.*,,,,,,,,,,,,run,,,,,,,,,,,,,,,,,,,,
greatest,rest,wouldve,,,,,,,,,,,,,wouldve,woke,,,,,,,,,,,fight.*,ours,writing,,,,craz.*,fought,interrup.*,play,suck,wise.*,free.*,outgoing,,,,,,,,,,complie.*,generator.*,mostly,sense,wonders,,,,,tentativ.*,,,,,presser.*,yells,,,,digest.*,indigestion,retina.*,wrist.*,,,,,,,,,,,,runner.*,,,,,,,,,,,,,,,,,,,,
had,same,would've,,,,,,,,,,,,,would've,woken,,,,,,,,,,,flatter.*,ourselves,wrote,,,,create.*,frantic.*,intimidat.*,played,sucked,witch,freeb.*,painl.*,,,,,,,,,,comply.*,grasp.*,motiv.*,sensed,word,,,,,theor.*,,,,,presses,yum.*,,,,dine ,infect.*,rib,xanax,,,,,,,,,,,,running,,,,,,,,,,,,,,,,,,,,
hadnt,second,ya,,,,,,,,,,,,,youd,won,,,,,,,,,,,folks,outsider.*,ya,,,,creati.*,freak.*,invigor.*,playful.*,sucker.*,woe.*,,palatabl.*,,,,,,,,,,compreh.*,guarant.*,must,senses,would,,,,,typically,,,,,pungen.*,,,,,dined,inflam.*,ribs,xray.*,,,,,,,,,,,,runs,,,,,,,,,,,,,,,,,,,,
hadn't,section,yall,,,,,,,,,,,,,you'd,wondered,,,,,,,,,,,forgave,overhear.*,yall,,,,credit.*,free,irrational.*,playing,sucks,won,,paradise,,,,,,,,,,compulsiv.*,guard.*,mustnt,sensing,wouldnt,,,,,uncertain.*,,,,,,,,,,diner,ingest.*,ritalin,yawn.*,,,,,,,,,,,,rush.*,,,,,,,,,,,,,,,,,,,,
half,seriously,y'all,,,,,,,,,,,,,youll,wore,,,,,,,,,,,forgiv.*,owner.*,y'all,,,,cried,freeb.*,irrita.*,plays,sucky,wonderf.*,,,,,,,,,,,,concentrat.*,guess,must'nt,shaki.*,wouldn't,,,,,unclear.*,,,,,,,,,,diners,injur.*,rx,zit,,,,,,,,,,,,send.*,,,,,,,,,,,,,,,,,,,,
has,seven.*,ye,,,,,,,,,,,,,you'll,worked,,,,,,,,,,,fought,pa,ye,,,,cries,freed.*,isolat.*,pleasant.*,suffer,worr.*,,,,,,,,,,,,conclud.*,guessed,mustn't,shaky,wouldve,,,,,undecided.*,,,,,,,,,,dines,insomnia.*,salad.*,zits,,,,,,,,,,,,sent,,,,,,,,,,,,,,,,,,,,
hasnt,several,yet,,,,,,,,,,,,,youre,worn,,,,,,,,,,,friend.*,pal,you,,,,critical,freeing,jaded,please.*,suffered,worse.*,,,,,,,,,,,,conclus.*,guesses,mustve,should,would've,,,,,undetermin.*,,,,,,,,,,dining,insulin,saliv.*,zoloft,,,,,,,,,,,,shake.*,,,,,,,,,,,,,,,,,,,,
hasn't,shall,you,,,,,,,,,,,,,you're,wouldve,,,,,,,,,,,game.*,pals,youd,,,,critici.*,freely,jealous.*,pleasing,sufferer.*,worship.*,,,,,,,,,,,,confess.*,guessing,must've,shouldnt,write,,,,,unknow.*,,,,,,,,,,dinner.*,intestin.*,sandwich.*,,,,,,,,,,,,,shook,,,,,,,,,,,,,,,,,,,,
have,shant,youd,,,,,,,,,,,,,youve,would've,,,,,,,,,,,gather.*,pappy,you'd,,,,crude.*,freeness,jerk,pleasur.*,suffering,worst,,,,,,,,,,,,confidence,halfass.*,myster.*,should'nt,writing,,,,,unlikel.*,,,,,,,,,,,,,,,,,,,,,,,,,slid,,,,,,,,,,,,,,,,,,,,
havent,shan't,you'd,,,,,,,,,,,,,you've,written,,,,,,,,,,,gave,parent.*,youll,,,,cruel.*,freer,jerked,poison.*,suffers,worthless.* ,,,,,,,,,,,,confident,halt.*,name,shouldn't,wrote,,,,,unluck.*,,,,,,,,,,,,,,,,,,,,,,,,,slide,,,,,,,,,,,,,,,,,,,,
haven't,she,youll,,,,,,,,,,,,,,wrote,,,,,,,,,,,gentlem.*,participant.*,you'll,,,,crushed,frees.*,jerks,popular.*,sunnier,worthwhile,,,,,,,,,,,,confidently,hangup.*,nearly,shoulds,yearn.*,,,,,unresolv.*,,,,,,,,,,,,,,,,,,,,,,,,,slides,,,,,,,,,,,,,,,,,,,,
having,she'd,you'll,,,,,,,,,,,,,,,,,,,,,,,,,gf.*,participat.*,your ,,,,cry,friend.*,joke.*,positiv.*,sunniest,wow.*,,,,,,,,,,,,confin.*,hardly,necessar.*,shouldve,yield.*,,,,,unsettl.*,,,,,,,,,,,,,,,,,,,,,,,,,sliding,,,,,,,,,,,,,,,,,,,,
hed,she'll,your ,,,,,,,,,,,,,,,,,,,,,,,,,girl,partie.*,youre,,,,crying,fright.*,joking,prais.*,sunny,wrong.*,,,,,,,,,,,,,,need,,,,,,,unsure.*,,,,,,,,,,,,,,,,,,,,,,,,,step,,,,,,,,,,,,,,,,,,,,
he'd,shes,youre,,,,,,,,,,,,,,,,,,,,,,,,,girlfriend.*,partner.*,you're,,,,cunt.*,frustrat.*,joll.*,precious.*,sunshin.*,yay,,,,,,,,,,,,,,,,,,,,,usually,,,,,,,,,,,,,,,,,,,,,,,,,stepp.*,,,,,,,,,,,,,,,,,,,,
her,she's,you're,,,,,,,,,,,,,,,,,,,,,,,,,girl's,party.*,yours,,,,cut,fuck,joy.*,prejudic.*,super,yays,,,,,,,,,,,,,,,,,,,,,vague.*,,,,,,,,,,,,,,,,,,,,,,,,,steps,,,,,,,,,,,,,,,,,,,,
here,should,yours,,,,,,,,,,,,,,,,,,,,,,,,,girls.*,pa's,youve,,,,cute.*,fucked.*,keen.*,pressur.*,superior.*,yearn.*,,,,,,,,,,,,,,,,,,,,,variab.*,,,,,,,,,,,,,,,,,,,,,,,,,stopper.*,,,,,,,,,,,,,,,,,,,,
heres,shouldnt,youve,,,,,,,,,,,,,,,,,,,,,,,,,give,people.*,you've,,,,cutie.*,fucker.*,kidding,prettie.*,support,,,,,,,,,,,,,,,,,,,,,,varies,,,,,,,,,,,,,,,,,,,,,,,,,swam,,,,,,,,,,,,,,,,,,,,
here's,should'nt,you've,,,,,,,,,,,,,,,,,,,,,,,,,giver.*,person,,,,,cynic,fuckin.*,kill.*,pretty,supported,,,,,,,,,,,,,,,,,,,,,,vary,,,,,,,,,,,,,,,,,,,,,,,,,swim.*,,,,,,,,,,,,,,,,,,,,
hers,shouldn't,zero,,,,,,,,,,,,,,,,,,,,,,,,,,personal,,,,,damag.*,fucks,kind,prick.*,supporter.*,,,,,,,,,,,,,,,,,,,,,,wonder,,,,,,,,,,,,,,,,,,,,,,,,,threw,,,,,,,,,,,,,,,,,,,,
herself,shouldve,zillion.*,,,,,,,,,,,,,,,,,,,,,,,,,,,,,,,,,kindly,pride,,,,,,,,,,,,,,,,,,,,,,,wondered,,,,,,,,,,,,,,,,,,,,,,,,,throw.*,,,,,,,,,,,,,,,,,,,,
hes,should've,,,,,,,,,,,,,,,,,,,,,,,,,,,,,,,,,,,,,,,,,,,,,,,,,,,,,,,,,,wondering,,,,,,,,,,,,,,,,,,,,,,,,,took,,,,,,,,,,,,,,,,,,,,
,,,,,,,,,,,,,,,,,,,,,,,,,,,,,,,,,,,,,,,,,,,,,,,,,,,,,,,,,,,wonders,,,,,,,,,,,,,,,,,,,,,,,,,transact.*,,,,,,,,,,,,,,,,,,,,
,,,,,,,,,,,,,,,,,,,,,,,,,,,,,,,,,,,,,,,,,,,,,,,,,,,,,,,,,,,,,,,,,,,,,,,,,,,,,,,,,,,,transport.*,,,,,,,,,,,,,,,,,,,,
,,,,,,,,,,,,,,,,,,,,,,,,,,,,,,,,,,,,,,,,,,,,,,,,,,,,,,,,,,,,,,,,,,,,,,,,,,,,,,,,,,,,travel.*,,,,,,,,,,,,,,,,,,,,
,,,,,,,,,,,,,,,,,,,,,,,,,,,,,,,,,,,,,,,,,,,,,,,,,,,,,,,,,,,,,,,,,,,,,,,,,,,,,,,,,,,,trip,,,,,,,,,,,,,,,,,,,,
,,,,,,,,,,,,,,,,,,,,,,,,,,,,,,,,,,,,,,,,,,,,,,,,,,,,,,,,,,,,,,,,,,,,,,,,,,,,,,,,,,,,tripped,,,,,,,,,,,,,,,,,,,,
,,,,,,,,,,,,,,,,,,,,,,,,,,,,,,,,,,,,,,,,,,,,,,,,,,,,,,,,,,,,,,,,,,,,,,,,,,,,,,,,,,,,tripping,,,,,,,,,,,,,,,,,,,,
,,,,,,,,,,,,,,,,,,,,,,,,,,,,,,,,,,,,,,,,,,,,,,,,,,,,,,,,,,,,,,,,,,,,,,,,,,,,,,,,,,,,trips,,,,,,,,,,,,,,,,,,,,
,,,,,,,,,,,,,,,,,,,,,,,,,,,,,,,,,,,,,,,,,,,,,,,,,,,,,,,,,,,,,,,,,,,,,,,,,,,,,,,,,,,,visit.*,,,,,,,,,,,,,,,,,,,,
,,,,,,,,,,,,,,,,,,,,,,,,,,,,,,,,,,,,,,,,,,,,,,,,,,,,,,,,,,,,,,,,,,,,,,,,,,,,,,,,,,,,walk,,,,,,,,,,,,,,,,,,,,
,,,,,,,,,,,,,,,,,,,,,,,,,,,,,,,,,,,,,,,,,,,,,,,,,,,,,,,,,,,,,,,,,,,,,,,,,,,,,,,,,,,,walked,,,,,,,,,,,,,,,,,,,,
,,,,,,,,,,,,,,,,,,,,,,,,,,,,,,,,,,,,,,,,,,,,,,,,,,,,,,,,,,,,,,,,,,,,,,,,,,,,,,,,,,,,walking,,,,,,,,,,,,,,,,,,,,
,,,,,,,,,,,,,,,,,,,,,,,,,,,,,,,,,,,,,,,,,,,,,,,,,,,,,,,,,,,,,,,,,,,,,,,,,,,,,,,,,,,,walks,,,,,,,,,,,,,,,,,,,,
,,,,,,,,,,,,,,,,,,,,,,,,,,,,,,,,,,,,,,,,,,,,,,,,,,,,,,,,,,,,,,,,,,,,,,,,,,,,,,,,,,,,went,,,,,,,,,,,,,,,,,,,,
,,,,,,,,,,,,,,,,,,,,,,,,,,,,,,,,,,,,,,,,,,,,,,,,,,,,,,,,,,,,,,,,,,,,,,,,,,,,,,,,,,,,,,,,,,,,,,,,,,,,,,,,
,,,,,,,,,,,,,,,,,,,,,,,,,,,,,,,,,,,,,,,,,,,,,,,,,,,,,,,,,,,,,,,,,,,,,,,,,,,,,,,,,,,,,,,,,,,,,,,,,,,,,,,,
,,,,,,,,,,,,,,,,,,,,,,,,,,,,,,,,,,,,,,,,,,,,,,,,,,,,,,,,,,,,,,,,,,,,,,,,,,,,,,,,,,,,,,,,,,,,,,,,,,,,,,,,
,,,,,,,,,,,,,,,,,,,,,,,,,,,,,,,,,,,,,,,,,,,,,,,,,,,,,,,,,,,,,,,,,,,,,,,,,,,,,,,,,,,,,,,,,,,,,,,,,,,,,,,,
,,,,,,,,,,,,,,,,,,,,,,,,,,,,,,,,,,,,,,,,,,,,,,,,,,,,,,,,,,,,,,,,,,,,,,,,,,,,,,,,,,,,,,,,,,,,,,,,,,,,,,,,
,,,,,,,,,,,,,,,,,,,,,,,,,,,,,,,,,,,,,,,,,,,,,,,,,,,,,,,,,,,,,,,,,,,,,,,,,,,,,,,,,,,,,,,,,,,,,,,,,,,,,,,,
,,,,,,,,,,,,,,,,,,,,,,,,,,,,,,,,,,,,,,,,,,,,,,,,,,,,,,,,,,,,,,,,,,,,,,,,,,,,,,,,,,,,,,,,,,,,,,,,,,,,,,,,
,,,,,,,,,,,,,,,,,,,,,,,,,,,,,,,,,,,,,,,,,,,,,,,,,,,,,,,,,,,,,,,,,,,,,,,,,,,,,,,,,,,,,,,,,,,,,,,,,,,,,,,,
,,,,,,,,,,,,,,,,,,,,,,,,,,,,,,,,,,,,,,,,,,,,,,,,,,,,,,,,,,,,,,,,,,,,,,,,,,,,,,,,,,,,,,,,,,,,,,,,,,,,,,,,
,,,,,,,,,,,,,,,,,,,,,,,,,,,,,,,,,,,,,,,,,,,,,,,,,,,,,,,,,,,,,,,,,,,,,,,,,,,,,,,,,,,,,,,,,,,,,,,,,,,,,,,,